/*******************************************************************************
 * Size: 16 px
 * Bpp: 4
 * Opts: --font tools/msyh.ttf --size 16 --bpp 4 --format lvgl --lv-include lvgl.h --lv-font-name font_sm_cjk_16 --range 0x20-0x7E --symbols 一上不中之二于仇今份使入内再出分创到功厂同后在备复失存宥家已布师录徐恒恢成我或扫按新无日时昭智更未本校根梁森次此步每润涵潇熠版王珹用画登的码确示离积签线绍给络维缓编网置老联若认设试请谦败足身进连郭重金闻陆页馆（） --autohint-off -o apps/sparkminds-passport/src/font_sm_cjk_16.c
 ******************************************************************************/

#ifdef LV_LVGL_H_INCLUDE_SIMPLE
#include "lvgl.h"
#else
#include "lvgl.h"
#endif

#ifndef FONT_SM_CJK_16
#define FONT_SM_CJK_16 1
#endif

#if FONT_SM_CJK_16

/*-----------------
 *    BITMAPS
 *----------------*/

/*Store the image of the glyphs*/
static LV_ATTRIBUTE_LARGE_CONST const uint8_t glyph_bitmap[] = {
    /* U+0020 " " */

    /* U+0021 "!" */
    0x4f, 0x40, 0x3, 0x80, 0x4e, 0x1, 0x84, 0x2,
    0x10, 0xc, 0x65, 0xe2, 0x1, 0x27, 0x20, 0x8,
    0x0,

    /* U+0022 "\"" */
    0x5f, 0x6f, 0x41, 0x2, 0x7, 0x70, 0x30, 0x8,
    0x80, 0x80, 0xc0,

    /* U+0023 "#" */
    0x0, 0x87, 0xc0, 0x1a, 0x80, 0x19, 0x8, 0x4,
    0x90, 0x3, 0x6a, 0x2, 0x18, 0x5, 0xfe, 0x76,
    0xfa, 0x3f, 0xb0, 0xff, 0x6, 0x7a, 0x4f, 0xd8,
    0x0, 0x40, 0xc1, 0x54, 0x1, 0x94, 0x80, 0x44,
    0x40, 0x9, 0xfb, 0x2f, 0xe0, 0xef, 0x29, 0xf4,
    0x8f, 0x85, 0xff, 0x10, 0x1, 0x50, 0x33, 0x0,
    0x18, 0x84, 0xc1, 0x10, 0x1, 0x0,

    /* U+0024 "$" */
    0x0, 0xa9, 0x0, 0x31, 0x5a, 0xde, 0x20, 0x16,
    0x81, 0xba, 0xe8, 0x50, 0xdb, 0x64, 0xc8, 0x4,
    0x3, 0xec, 0x18, 0x0, 0xe5, 0x77, 0x29, 0x80,
    0x68, 0xc2, 0x8c, 0x20, 0x8, 0xde, 0xb, 0xc0,
    0x38, 0xe8, 0x90, 0x3, 0xe7, 0x9a, 0x66, 0x6d,
    0x19, 0xb4, 0x60, 0xd1, 0xb0, 0x12, 0xf9, 0x66,
    0x0, 0x3f, 0xc0,

    /* U+0025 "%" */
    0x2, 0xcf, 0xd4, 0x0, 0x87, 0x90, 0x2, 0xcb,
    0xfb, 0xb0, 0x80, 0x2d, 0x10, 0x0, 0x31, 0x70,
    0x61, 0x50, 0x44, 0x58, 0x7, 0xf3, 0x85, 0x58,
    0x80, 0x46, 0x2e, 0xc, 0x7, 0x2a, 0xa0, 0xe,
    0xdb, 0xfa, 0xd4, 0x6a, 0x0, 0xf1, 0xe7, 0xe1,
    0xcc, 0x82, 0xbb, 0x8e, 0x1, 0xe8, 0x16, 0xb0,
    0xfd, 0x84, 0x0, 0xc6, 0xfc, 0xb, 0x22, 0x6b,
    0x80, 0x1b, 0xa0, 0x80, 0x3f, 0xce, 0x2e, 0x0,
    0x49, 0x13, 0x5b, 0x0, 0x14, 0x70, 0x5, 0x43,
    0xdc, 0xa3,

    /* U+0026 "&" */
    0x0, 0x9b, 0x7f, 0x58, 0x3, 0xf2, 0x4a, 0xe5,
    0x4a, 0x80, 0x7d, 0xa5, 0x6, 0xe5, 0xa0, 0x1f,
    0x71, 0x8, 0x19, 0x68, 0xf, 0xa8, 0x4, 0xe5,
    0x93, 0x8e, 0xa0, 0x20, 0x1c, 0x4c, 0x4c, 0x74,
    0x0, 0x20, 0x60, 0x1, 0xe8, 0xf6, 0xbe, 0xa0,
    0x28, 0x98, 0x3, 0xce, 0x84, 0xad, 0xad, 0x26,
    0x40, 0x11, 0xa0, 0x6, 0x93, 0xb3, 0x70, 0x8,
    0x50, 0x3, 0x94, 0x1c, 0x3, 0x49, 0xdb, 0x2b,
    0xeb, 0x31, 0x69, 0xe0, 0x1e, 0x9e, 0x2a, 0x8b,
    0xd3, 0x24, 0x9b,

    /* U+0027 "'" */
    0xbc, 0x17, 0x31, 0x11, 0x80,

    /* U+0028 "(" */
    0x0, 0x46, 0x80, 0xd, 0xf8, 0x1, 0xa, 0x60,
    0x49, 0x20, 0x4, 0x3, 0x0, 0x7a, 0x0, 0x44,
    0x20, 0x13, 0x98, 0x4, 0xe0, 0x18, 0x48, 0x2,
    0xc5, 0x0, 0x90, 0x4c, 0x0, 0x49, 0x20, 0x14,
    0x29, 0x0, 0xd, 0xf8, 0x0,

    /* U+0029 ")" */
    0x7d, 0x0, 0x9c, 0x64, 0x2, 0x86, 0x10, 0x2,
    0x14, 0x80, 0x48, 0x80, 0xb, 0xc, 0x2, 0x10,
    0x10, 0x3, 0x81, 0x80, 0x1c, 0xc, 0x0, 0x20,
    0x20, 0xc, 0x20, 0x9, 0x14, 0x0, 0x85, 0x40,
    0x8, 0x62, 0x7, 0x19, 0x0, 0x0,

    /* U+002A "*" */
    0x0, 0xb9, 0x0, 0x38, 0xd8, 0x0, 0x5d, 0x47,
    0x78, 0xe5, 0xfa, 0x25, 0xce, 0x0, 0x9b, 0x67,
    0x0, 0x2b, 0xa4, 0x60, 0x0,

    /* U+002B "+" */
    0x0, 0xd5, 0x0, 0x1f, 0xfc, 0xaf, 0xf9, 0x5f,
    0xfe, 0xc, 0xc9, 0x17, 0x32, 0x3, 0x38, 0x48,
    0xce, 0x0, 0xff, 0xe3, 0x0,

    /* U+002C "," */
    0xd, 0x91, 0x2d, 0x41, 0x4d, 0x70,

    /* U+002D "-" */
    0xcf, 0xfb, 0x7b, 0x32, 0xf0,

    /* U+002E "." */
    0xd, 0xb0, 0x8,

    /* U+002F "/" */
    0x0, 0xf5, 0x60, 0x7, 0xa, 0xc8, 0x7, 0x30,
    0xa8, 0x7, 0x4b, 0x0, 0x72, 0x8d, 0x0, 0x77,
    0x21, 0x0, 0x62, 0x4f, 0x0, 0xeb, 0x24, 0x0,
    0xe6, 0xa0, 0xe, 0x60, 0x60, 0xe, 0xa6, 0x10,
    0xc, 0x66, 0xa0, 0xe, 0x93, 0x30, 0x6, 0x15,
    0xa0, 0xe,

    /* U+0030 "0" */
    0x0, 0x1e, 0x7f, 0x48, 0x4, 0x58, 0xf5, 0x2d,
    0x60, 0x8, 0x1b, 0x57, 0x84, 0x30, 0x56, 0x0,
    0x94, 0x10, 0x83, 0x80, 0x22, 0xe, 0x60, 0x20,
    0xc, 0x26, 0x1, 0xfc, 0xe0, 0x20, 0x18, 0x4c,
    0x83, 0x40, 0x21, 0xf, 0x13, 0x50, 0x9, 0x81,
    0xc2, 0xa, 0xd1, 0xe1, 0xc4, 0x12, 0xda, 0xe6,
    0x20, 0x0,

    /* U+0031 "1" */
    0x0, 0x97, 0x81, 0x32, 0x85, 0x6d, 0xd4, 0x1f,
    0x6c, 0x80, 0x88, 0x1, 0xff, 0xda,

    /* U+0032 "2" */
    0x0, 0x46, 0xfe, 0xc0, 0x5, 0xb, 0x54, 0x57,
    0xa0, 0x6, 0x6b, 0xac, 0x3a, 0x80, 0x10, 0x3,
    0x68, 0x10, 0x7, 0xb0, 0x48, 0x3, 0x95, 0xa4,
    0x3, 0xa2, 0x99, 0xc0, 0x21, 0xc6, 0xa9, 0x0,
    0x87, 0xc3, 0xd4, 0x3, 0x59, 0xe0, 0x80, 0x72,
    0xb2, 0xaf, 0x18, 0x1, 0x2a, 0xba, 0xc0,

    /* U+0033 "3" */
    0x19, 0xef, 0xd6, 0x0, 0x39, 0x45, 0x3c, 0xb0,
    0x35, 0xb2, 0xd0, 0xe8, 0x7, 0xc2, 0x1, 0x8a,
    0x42, 0x0, 0x15, 0xfa, 0x9a, 0x40, 0x8, 0xb9,
    0x6c, 0x50, 0x1, 0x23, 0x5a, 0xd0, 0x7, 0xb0,
    0x8, 0x3, 0xb0, 0xb, 0x61, 0x55, 0x4b, 0x1,
    0x4b, 0x56, 0xd6, 0xe0,

    /* U+0034 "4" */
    0x0, 0xe9, 0xf4, 0x0, 0xf1, 0x30, 0x7, 0xe9,
    0x20, 0xf, 0x99, 0x64, 0x3, 0xc5, 0x30, 0xe0,
    0x1e, 0xe4, 0x60, 0xf, 0x49, 0x50, 0x7, 0x99,
    0x94, 0x20, 0x1e, 0xb0, 0xbf, 0xf6, 0x5, 0xf8,
    0xf5, 0xde, 0x90, 0x8b, 0x13, 0x44, 0xca, 0x6,
    0x80, 0x1f, 0xf0,

    /* U+0035 "5" */
    0xf, 0xfe, 0xa0, 0x20, 0x7a, 0xaa, 0x40, 0x42,
    0x95, 0x63, 0x7, 0x3, 0x0, 0xe1, 0x1, 0x0,
    0xe3, 0xf, 0xf6, 0xb0, 0x1, 0x2a, 0x92, 0xd3,
    0x40, 0x4a, 0xa6, 0xb5, 0x50, 0x80, 0x77, 0x81,
    0x0, 0x77, 0x81, 0x54, 0xaa, 0xad, 0x60, 0x75,
    0xea, 0xde, 0xdc, 0x0,

    /* U+0036 "6" */
    0x0, 0x93, 0x3f, 0x9c, 0x2, 0x6b, 0x6a, 0x8b,
    0x0, 0x14, 0xc5, 0x2b, 0x60, 0x2, 0xc5, 0xc0,
    0x3c, 0x88, 0x7e, 0xfc, 0x30, 0x1, 0x3d, 0xda,
    0x47, 0x4, 0x0, 0x78, 0xad, 0xe1, 0x20, 0x4,
    0x0, 0x88, 0x48, 0x4, 0x3, 0xf3, 0xa8, 0x80,
    0xc, 0x70, 0x2c, 0x31, 0x5b, 0x49, 0x80, 0xb1,
    0xaa, 0x13, 0x0,

    /* U+0037 "7" */
    0x2f, 0xff, 0xa0, 0xaa, 0xb9, 0xc3, 0x1, 0x57,
    0x8d, 0x10, 0x1, 0xc8, 0x88, 0x0, 0xf4, 0x21,
    0x80, 0x71, 0x9b, 0xc0, 0x3d, 0x6, 0x80, 0x1c,
    0x29, 0x40, 0x1e, 0x60, 0x70, 0xf, 0x59, 0x88,
    0x7, 0x8d, 0x0, 0x3c, 0x81, 0xa0, 0x18,

    /* U+0038 "8" */
    0x0, 0x26, 0x7f, 0x40, 0x4, 0x76, 0xd5, 0x2f,
    0x40, 0x9, 0x2a, 0x57, 0x85, 0x0, 0x18, 0x80,
    0x44, 0x1, 0x59, 0xb8, 0x1c, 0x38, 0x0, 0xa6,
    0x3f, 0x6, 0x0, 0xd, 0x2d, 0x50, 0x56, 0x0,
    0x96, 0x95, 0x7c, 0x46, 0x30, 0xd0, 0x8, 0x87,
    0xc8, 0x30, 0x2, 0x21, 0xe1, 0x67, 0x84, 0x6c,
    0x16, 0x9, 0x85, 0xb8, 0x4f, 0x10,

    /* U+0039 "9" */
    0x0, 0x36, 0xff, 0x40, 0x4, 0xf2, 0x94, 0xcf,
    0x20, 0x8, 0x59, 0x58, 0x83, 0x9, 0x87, 0x80,
    0x4a, 0x8, 0x41, 0xa0, 0x1d, 0xa2, 0x6e, 0x80,
    0x5c, 0x1, 0x71, 0xdf, 0xed, 0x87, 0x81, 0x66,
    0xdf, 0x28, 0x10, 0x4, 0x48, 0x28, 0x8, 0x1,
    0xc3, 0xa, 0x21, 0x12, 0xad, 0x81, 0x60, 0xb,
    0x5a, 0x84, 0xf1, 0x0,

    /* U+003A ":" */
    0xd, 0xb0, 0xd, 0xb6, 0x1, 0xff, 0xc1, 0xdb,
    0x0, 0x80,

    /* U+003B ";" */
    0xc, 0xb0, 0xd, 0x96, 0x1, 0xfe, 0x12, 0xc,
    0xb1, 0x2a, 0x41, 0x3d, 0x70,

    /* U+003C "<" */
    0x0, 0xe2, 0x88, 0x0, 0x4b, 0x7a, 0x98, 0x2f,
    0xd6, 0x7b, 0x89, 0x50, 0xbf, 0x4, 0x0, 0xa7,
    0x5e, 0x93, 0x0, 0xc, 0x75, 0x16, 0x61, 0x0,
    0x25, 0xbd, 0x4c,

    /* U+003D "=" */
    0xf, 0xff, 0xc1, 0x99, 0xf6, 0x81, 0x9f, 0xc4,
    0x1f, 0xff, 0x83, 0x33, 0xed,

    /* U+003E ">" */
    0x97, 0x10, 0xe, 0xca, 0xea, 0x40, 0x9, 0x77,
    0xe, 0xb5, 0xc4, 0x0, 0x73, 0xe3, 0x10, 0x0,
    0x1d, 0x70, 0xc4, 0x17, 0x70, 0x2f, 0x5c, 0x71,
    0x7a, 0x90, 0x2,

    /* U+003F "?" */
    0x8d, 0xfe, 0x90, 0x5a, 0xa3, 0x32, 0xb5, 0xd6,
    0x15, 0x0, 0x33, 0x28, 0x5, 0x7, 0x20, 0x7,
    0x76, 0x10, 0x14, 0x51, 0x80, 0x10, 0x14, 0x2,
    0x20, 0x10, 0x9, 0x3c, 0x40, 0x23, 0xe5, 0x0,
    0xc2, 0x1, 0x0,

    /* U+0040 "@" */
    0x0, 0xcb, 0x7d, 0xfd, 0x6c, 0x1, 0xe1, 0xc8,
    0xec, 0xfc, 0xea, 0xc1, 0x0, 0x87, 0x17, 0x54,
    0x80, 0x97, 0x1b, 0x0, 0x28, 0x19, 0x5, 0xdf,
    0x8d, 0x2a, 0x8, 0x1, 0x6f, 0x4, 0xa9, 0xe2,
    0x20, 0x2, 0xd4, 0x1c, 0x4c, 0x21, 0xd0, 0x78,
    0x8, 0x14, 0x83, 0x94, 0x0, 0x76, 0x1, 0xe1,
    0x1, 0x0, 0x88, 0x8, 0x0, 0x22, 0x0, 0x8,
    0xf, 0xb8, 0x18, 0x18, 0x3, 0xc0, 0x2b, 0x40,
    0x43, 0x11, 0x15, 0x82, 0x88, 0x89, 0x1e, 0x0,
    0xca, 0x43, 0x93, 0xfa, 0xd7, 0x6a, 0x86, 0x0,
    0x97, 0x53, 0xdf, 0xb0, 0xaf, 0xe5, 0x0, 0x92,
    0xaa, 0x41, 0x1, 0x6c, 0x0, 0xf2, 0xf1, 0x4f,
    0x7f, 0xb3, 0x80, 0x3e, 0x18, 0xdf, 0xf7, 0x51,
    0x0, 0x60,

    /* U+0041 "A" */
    0x0, 0xcd, 0xf4, 0x1, 0xfd, 0x40, 0xa2, 0x1,
    0xf1, 0x1a, 0x3, 0x80, 0x7d, 0x41, 0x45, 0x40,
    0x1f, 0x33, 0x6, 0x8c, 0xc0, 0x1c, 0xa3, 0x40,
    0xe1, 0x40, 0x1d, 0xc6, 0x60, 0x3, 0x38, 0x6,
    0x14, 0x3f, 0xf9, 0x85, 0x40, 0x26, 0x9, 0x9e,
    0x2e, 0x0, 0xa9, 0x19, 0xb9, 0x50, 0x40, 0xcb,
    0x40, 0x3a, 0x82, 0x42, 0x81, 0xc0, 0x38, 0x88,
    0xc0,

    /* U+0042 "B" */
    0x7f, 0xfd, 0x88, 0x1, 0xa2, 0x60, 0x6d, 0x0,
    0x25, 0x67, 0xf0, 0xd0, 0xf, 0xdc, 0x1, 0xc5,
    0x24, 0xc0, 0x16, 0xfe, 0xaf, 0x8, 0x5, 0x15,
    0xb, 0x8c, 0x1, 0x2a, 0x9e, 0xd2, 0x40, 0x3e,
    0xc0, 0x20, 0xf, 0x60, 0x10, 0x1, 0x59, 0xed,
    0x1c, 0x2, 0x89, 0x87, 0xa8, 0x0,

    /* U+0043 "C" */
    0x0, 0x86, 0x37, 0xfd, 0xae, 0x0, 0x4f, 0x77,
    0x44, 0x1e, 0x80, 0xac, 0xfa, 0x9d, 0xd5, 0x81,
    0x1, 0xe2, 0x1, 0x84, 0x15, 0x44, 0x1, 0xe2,
    0xd, 0x0, 0xf8, 0x40, 0x3f, 0x88, 0x38, 0x3,
    0xe1, 0x27, 0x0, 0xfd, 0x3, 0x60, 0x1c, 0x20,
    0xae, 0x9d, 0xc, 0xf5, 0x80, 0x8, 0xb5, 0x69,
    0x90, 0xc0,

    /* U+0044 "D" */
    0x7f, 0xfd, 0xb2, 0x40, 0x1d, 0x13, 0x24, 0x7d,
    0x70, 0xc, 0xac, 0xc9, 0xe6, 0x86, 0x0, 0xfd,
    0x27, 0x0, 0x1f, 0xd4, 0x28, 0x1, 0xf8, 0x80,
    0x80, 0x3f, 0xc6, 0x1, 0xf8, 0xc1, 0x80, 0x3f,
    0x51, 0x18, 0x7, 0xd4, 0x52, 0x1, 0x2b, 0x32,
    0x79, 0x69, 0x0, 0x28, 0x99, 0x23, 0x6a, 0x80,
    0x0,

    /* U+0045 "E" */
    0x7f, 0xfe, 0xc0, 0xa, 0x26, 0x68, 0x0, 0x95,
    0x9a, 0x40, 0xf, 0xfe, 0x3e, 0xff, 0xce, 0x1,
    0x44, 0xcc, 0xa0, 0x12, 0xb3, 0x44, 0x1, 0xff,
    0xc7, 0x56, 0x6c, 0x1, 0x44, 0xce, 0x10,

    /* U+0046 "F" */
    0x7f, 0xfe, 0xc0, 0x4, 0x4c, 0xd0, 0x0, 0x56,
    0x69, 0x0, 0x3f, 0xf8, 0x9b, 0xff, 0x38, 0x2,
    0x26, 0x65, 0x0, 0x2b, 0x34, 0x40, 0x1f, 0xfd,
    0x0,

    /* U+0047 "G" */
    0x0, 0x86, 0x33, 0xfd, 0xd6, 0x60, 0x3, 0xf7,
    0x68, 0x83, 0xaa, 0x80, 0xb4, 0xf6, 0x9d, 0xd3,
    0xce, 0x10, 0x3e, 0x40, 0x1c, 0x20, 0xaa, 0x20,
    0xf, 0x88, 0x34, 0x3, 0xf0, 0x80, 0x73, 0xff,
    0xd6, 0x41, 0xc0, 0x12, 0x4c, 0x84, 0x4, 0xdc,
    0x2, 0x36, 0x61, 0x80, 0x20, 0x6c, 0x3, 0xf2,
    0x42, 0x74, 0x33, 0xd1, 0x0, 0x4f, 0x88, 0xd3,
    0x26, 0x79,

    /* U+0048 "H" */
    0x7f, 0x20, 0xe, 0xcd, 0x0, 0xff, 0xef, 0x6f,
    0xff, 0x18, 0x5, 0x13, 0x3c, 0x40, 0x12, 0xb3,
    0x70, 0x80, 0x7f, 0xf7, 0x40,

    /* U+0049 "I" */
    0x7f, 0x20, 0xf, 0xfe, 0xa8,

    /* U+004A "J" */
    0x0, 0xaf, 0x80, 0x3f, 0xfa, 0xc6, 0x1, 0x38,
    0x80, 0x4, 0xd6, 0x1f, 0x42, 0xe, 0x6, 0xc4,

    /* U+004B "K" */
    0x7f, 0x20, 0xa, 0x3d, 0x40, 0x3c, 0xcf, 0xa,
    0x1, 0xc7, 0x2c, 0xe0, 0x1c, 0x5a, 0x92, 0x1,
    0xef, 0x2b, 0x0, 0xf7, 0x1e, 0x80, 0x7c, 0xc2,
    0xe0, 0x1f, 0x42, 0xca, 0x0, 0x7d, 0x45, 0x64,
    0x1, 0xf6, 0xe, 0x8, 0x7, 0x87, 0x47, 0x0,
    0x3e, 0x39, 0x2b, 0x0,

    /* U+004C "L" */
    0x7f, 0x20, 0xf, 0xff, 0xca, 0xb3, 0x4a, 0x0,
    0x89, 0x9a, 0x80,

    /* U+004D "M" */
    0x7f, 0xe0, 0xf, 0x8b, 0xfc, 0x20, 0x1, 0x50,
    0xf, 0x58, 0x7, 0x1f, 0x0, 0x70, 0xb1, 0x80,
    0x6a, 0x42, 0x0, 0xcc, 0x28, 0x1, 0x9c, 0x6c,
    0x3, 0x53, 0x78, 0x7, 0x4b, 0x0, 0x4a, 0x52,
    0x1, 0xe6, 0x6, 0x0, 0x72, 0x88, 0x7, 0x85,
    0xac, 0x9, 0x24, 0x3, 0xf5, 0x92, 0x59, 0x98,
    0x3, 0xf1, 0x27, 0x34, 0x80, 0x7f, 0xbd, 0x45,
    0x40, 0x3f, 0xc8, 0x52, 0x1, 0xe0,

    /* U+004E "N" */
    0x7f, 0xd0, 0xe, 0x1f, 0x70, 0x1, 0x38, 0x7,
    0xf2, 0x41, 0x0, 0x7e, 0x81, 0xe0, 0xf, 0xc5,
    0x66, 0xc0, 0x1f, 0x95, 0x52, 0x40, 0x1f, 0xac,
    0x64, 0x3, 0xf0, 0xda, 0x28, 0x7, 0xe5, 0x4b,
    0x30, 0xf, 0xd4, 0x32, 0x1, 0xf8, 0x65, 0x0,
    0x3f, 0x99, 0x0, 0x0,

    /* U+004F "O" */
    0x0, 0x8e, 0xbb, 0xfa, 0xd0, 0x3, 0x9b, 0x11,
    0xa5, 0x99, 0x70, 0x1, 0x24, 0xa7, 0x43, 0x46,
    0xb3, 0xa8, 0x2, 0x2, 0x80, 0x3a, 0x46, 0x0,
    0x6, 0xc2, 0x1, 0xe6, 0x21, 0x20, 0xe0, 0xf,
    0xb8, 0x8, 0x40, 0x3f, 0xf8, 0x4, 0x1c, 0x1,
    0xf7, 0x1, 0x9, 0xb8, 0x7, 0xcc, 0x62, 0x12,
    0x36, 0x1, 0xd2, 0x30, 0x0, 0x58, 0x4d, 0x86,
    0x8d, 0x68, 0x40, 0x9, 0xed, 0x99, 0x2c, 0xf8,
    0xe0, 0x0,

    /* U+0050 "P" */
    0x7f, 0xfb, 0xb1, 0x40, 0x34, 0x4c, 0x82, 0xa0,
    0x2, 0x56, 0x7c, 0x37, 0x0, 0xf9, 0x40, 0x40,
    0x3c, 0x40, 0x20, 0x18, 0x61, 0x18, 0x2, 0xdf,
    0xe7, 0x69, 0x0, 0xa2, 0xa9, 0xd2, 0x1, 0x95,
    0x61, 0x0, 0xff, 0xe9, 0x0,

    /* U+0051 "Q" */
    0x0, 0x8e, 0xbb, 0xfa, 0xd0, 0x3, 0xcd, 0x88,
    0xd2, 0xcc, 0xb8, 0x0, 0xc9, 0x29, 0xd0, 0xd1,
    0xac, 0xea, 0x1, 0x40, 0x50, 0x7, 0x48, 0xc0,
    0x4, 0x6c, 0x20, 0x1e, 0x62, 0x10, 0x20, 0xe0,
    0xf, 0xb8, 0x8, 0x4, 0x3, 0xff, 0x82, 0x41,
    0xc0, 0x1f, 0x70, 0x10, 0x9, 0xb8, 0x7, 0xcc,
    0x62, 0x0, 0x91, 0xb0, 0xe, 0x91, 0x80, 0x9,
    0x61, 0x36, 0x1a, 0x35, 0xa1, 0x0, 0x33, 0xdb,
    0x32, 0x58, 0x0, 0x20, 0x1e, 0x4b, 0xef, 0xed,
    0x39, 0x80, 0xf, 0xfb, 0x11, 0xe8, 0x0,

    /* U+0052 "R" */
    0x7f, 0xfd, 0xac, 0x1, 0xd1, 0x30, 0x32, 0xc0,
    0x19, 0x59, 0xf0, 0xac, 0x3, 0xf3, 0x90, 0x7,
    0xe7, 0x20, 0xf, 0xc, 0x94, 0x0, 0x6d, 0xfe,
    0x4b, 0x50, 0xd, 0x12, 0x66, 0x70, 0xe, 0x56,
    0xc2, 0xd1, 0x0, 0xfb, 0x86, 0x80, 0x3e, 0x29,
    0x46, 0x0, 0xf9, 0x8e, 0x44,

    /* U+0053 "S" */
    0x4, 0xbe, 0xfe, 0x90, 0x6b, 0x79, 0x87, 0x40,
    0x82, 0xc7, 0x74, 0xe8, 0x0, 0x40, 0x3c, 0x86,
    0xe0, 0x1d, 0x69, 0x1a, 0xc0, 0x10, 0xdd, 0x4,
    0xe9, 0x0, 0x4b, 0xb4, 0x58, 0x20, 0x19, 0x68,
    0x50, 0x3, 0xf7, 0xd3, 0xb4, 0x50, 0xaa, 0x92,
    0x25, 0x5f, 0xc0,

    /* U+0054 "T" */
    0xaf, 0xff, 0xbb, 0x93, 0x27, 0x5, 0x99, 0x5a,
    0x33, 0x2c, 0x31, 0x98, 0xa0, 0x1f, 0xff, 0xf0,
    0xf, 0x0,

    /* U+0055 "U" */
    0x9f, 0x0, 0xf7, 0xc0, 0x7, 0xff, 0xc0, 0x40,
    0x3c, 0x21, 0xfe, 0x2, 0x0, 0xc4, 0x2, 0x81,
    0x0, 0x1a, 0x41, 0xcd, 0x55, 0x8e, 0xec, 0x57,
    0x10, 0xa8, 0x18, 0x80, 0x4c, 0x0,

    /* U+0056 "V" */
    0xaf, 0x10, 0xe, 0x2f, 0x7f, 0x7, 0x0, 0xea,
    0x5, 0x50, 0xe8, 0x7, 0x29, 0x90, 0x3a, 0x8,
    0x4, 0x65, 0x40, 0xa, 0x7, 0x0, 0xa8, 0x18,
    0x0, 0x65, 0x40, 0x13, 0xa8, 0x6, 0x53, 0x20,
    0x41, 0xe0, 0xd, 0x40, 0xa1, 0xc2, 0x80, 0x18,
    0x8e, 0x81, 0x58, 0x3, 0xd4, 0x4e, 0x14, 0x1,
    0xe7, 0x9, 0x32, 0x0, 0xf0, 0xa8, 0xd0, 0x6,

    /* U+0057 "W" */
    0xaf, 0x10, 0xd, 0x3e, 0x60, 0x1a, 0xf8, 0x3c,
    0x10, 0x3, 0x38, 0x20, 0x6, 0x44, 0x2, 0x6,
    0x0, 0x44, 0x2b, 0x80, 0x11, 0x87, 0x80, 0x9a,
    0x0, 0x4a, 0x78, 0x80, 0x12, 0x2, 0x0, 0x2c,
    0x88, 0x0, 0xc4, 0x70, 0x40, 0x6, 0x18, 0x80,
    0x14, 0x10, 0x0, 0x98, 0x25, 0x80, 0x4, 0x40,
    0x4, 0x43, 0x80, 0x80, 0x80, 0x88, 0x4, 0xb,
    0x0, 0xce, 0x81, 0xa8, 0x0, 0xc3, 0x1c, 0x3,
    0x0, 0xda, 0x26, 0x98, 0x0, 0x40, 0x44, 0x28,
    0x7, 0x20, 0x51, 0x20, 0x0, 0x4f, 0xcf, 0x0,
    0x3c, 0x8e, 0x26, 0x1, 0x22, 0x83, 0x80, 0x7b,
    0x45, 0x0, 0x36, 0x1, 0x8, 0x4,

    /* U+0058 "X" */
    0x2f, 0xb0, 0xc, 0x3f, 0x60, 0x4e, 0x88, 0x0,
    0xac, 0x28, 0x1, 0x3, 0x20, 0x4, 0x58, 0x10,
    0xa, 0x89, 0x82, 0x4d, 0xc0, 0x32, 0x2c, 0x39,
    0x78, 0x7, 0xac, 0x61, 0xcc, 0x3, 0xc6, 0x0,
    0x10, 0xf, 0xb8, 0xa1, 0x8c, 0x3, 0x9c, 0xe5,
    0xcb, 0x80, 0x31, 0x42, 0xa0, 0x49, 0x40, 0x5,
    0xc3, 0x60, 0x4, 0x43, 0x90, 0x39, 0xc0, 0x80,
    0x52, 0x1c, 0x0,

    /* U+0059 "Y" */
    0xaf, 0x20, 0xc, 0xbe, 0xb0, 0x10, 0x1, 0xa0,
    0x94, 0x91, 0x48, 0x0, 0xa5, 0x0, 0x8, 0xb,
    0x0, 0x41, 0x28, 0x0, 0xcc, 0xc2, 0xa5, 0x60,
    0x1a, 0x2, 0x60, 0x58, 0x3, 0x21, 0x39, 0x48,
    0x7, 0xa0, 0x5, 0xc0, 0x3c, 0xa0, 0xe0, 0x1f,
    0xfd, 0x60,

    /* U+005A "Z" */
    0x2f, 0xff, 0xce, 0x53, 0x3e, 0x2, 0x70, 0x66,
    0xee, 0xf, 0x0, 0xf1, 0xbc, 0x10, 0x7, 0xb8,
    0xdc, 0x3, 0xd2, 0x5c, 0x1, 0xe4, 0x69, 0x20,
    0xe, 0x1a, 0x46, 0x0, 0xf5, 0x85, 0x0, 0x79,
    0x55, 0x62, 0x1, 0xc3, 0x64, 0x6c, 0xdc, 0x56,
    0x25, 0x33, 0xe4,

    /* U+005B "[" */
    0x4f, 0xf7, 0x0, 0x37, 0xc0, 0x4, 0x20, 0x1f,
    0xfd, 0xe1, 0x10, 0x3, 0xbc,

    /* U+005C "\\" */
    0xf, 0x60, 0xf, 0x35, 0x80, 0x7a, 0xc8, 0xc0,
    0x38, 0x8e, 0x40, 0x3d, 0x2a, 0x20, 0x1c, 0xa2,
    0xc0, 0x1e, 0x6a, 0x0, 0xf5, 0x12, 0x0, 0x71,
    0x27, 0x0, 0x7b, 0x94, 0x40, 0x39, 0x45, 0x80,
    0x3c, 0xd4, 0x1, 0xe9, 0x24, 0x0, 0xe1, 0x4f,

    /* U+005D "]" */
    0x8f, 0xf5, 0x47, 0x20, 0x0, 0x44, 0x1, 0xff,
    0xde, 0x11, 0x4, 0x72, 0x0,

    /* U+005E "^" */
    0x0, 0xd8, 0xc0, 0x1e, 0x43, 0x80, 0xf, 0x43,
    0x94, 0x0, 0x64, 0x39, 0x87, 0x10, 0xa, 0x1c,
    0x51, 0x10, 0x0, 0x53, 0x90, 0x4, 0x31, 0x4,
    0x38, 0x80, 0xd, 0x64,

    /* U+005F "_" */
    0x0, 0xfd, 0xff, 0xf1, 0x0,

    /* U+0060 "`" */
    0x1e, 0x80, 0x0, 0xeb, 0x90, 0x0, 0xe3, 0x80,

    /* U+0061 "a" */
    0x3, 0xbe, 0xfd, 0x60, 0x2, 0x95, 0xd9, 0xe5,
    0x1, 0xa5, 0x52, 0x83, 0x0, 0x24, 0x79, 0x2,
    0x6, 0xfe, 0xc, 0x10, 0x19, 0x8a, 0x75, 0x0,
    0x10, 0x10, 0x0, 0xc4, 0x8, 0x21, 0x5b, 0x84,
    0x6, 0xc2, 0xa9, 0xc6, 0x0,

    /* U+0062 "b" */
    0xae, 0x0, 0xff, 0xec, 0xd, 0xff, 0x48, 0x4,
    0x38, 0x74, 0xcc, 0xa0, 0xa, 0x20, 0xb0, 0xea,
    0x40, 0x5, 0x0, 0xac, 0x1c, 0x4, 0x3, 0x8,
    0x18, 0x7, 0x98, 0xc, 0x4, 0xc0, 0x2e, 0x4,
    0x0, 0x6b, 0xad, 0x2c, 0x8, 0xd, 0x54, 0xf0,
    0xe0,

    /* U+0063 "c" */
    0x0, 0x15, 0x77, 0xe9, 0x81, 0x6a, 0x45, 0x2b,
    0x87, 0xf, 0xb2, 0xc2, 0x9, 0xb0, 0x80, 0x63,
    0xe, 0x0, 0xf8, 0x40, 0x38, 0x89, 0x40, 0x1e,
    0x92, 0xd6, 0x59, 0x40, 0x4b, 0x19, 0xa2, 0x60,

    /* U+0064 "d" */
    0x0, 0xfa, 0xb8, 0x3, 0xff, 0xa2, 0x99, 0xfc,
    0xc0, 0x12, 0x58, 0x55, 0xd9, 0x0, 0x10, 0x38,
    0xaa, 0xc0, 0x0, 0x9b, 0x0, 0x42, 0xa0, 0x61,
    0xc0, 0x18, 0x40, 0xc0, 0x40, 0x33, 0x0, 0x8a,
    0x80, 0x22, 0x30, 0x4, 0x15, 0xab, 0x60, 0x80,
    0x1a, 0x16, 0xae, 0xc8, 0x0,

    /* U+0065 "e" */
    0x0, 0x1e, 0x7f, 0x48, 0x4, 0x78, 0x17, 0xd,
    0x20, 0xf, 0x2c, 0x46, 0x96, 0x11, 0x1d, 0x0,
    0x48, 0xa, 0x61, 0x1f, 0xf6, 0x81, 0x0, 0x1b,
    0x33, 0x9c, 0x84, 0x8c, 0xf8, 0x42, 0x12, 0xd5,
    0x51, 0x80, 0x6, 0xa6, 0xab, 0x38, 0x0,

    /* U+0066 "f" */
    0x0, 0xfc, 0x37, 0xf8, 0x0, 0xd5, 0xaf, 0x0,
    0x1c, 0xa9, 0x80, 0x80, 0x69, 0xe0, 0x8f, 0x7b,
    0xa0, 0x6b, 0x62, 0x40, 0xe4, 0x10, 0xf, 0xfe,
    0xc0,

    /* U+0067 "g" */
    0x0, 0x26, 0x7f, 0x3d, 0x70, 0x25, 0x85, 0x5d,
    0x20, 0x2, 0x7, 0x15, 0x58, 0x0, 0x13, 0x60,
    0x8, 0x54, 0xc, 0x38, 0x3, 0x8, 0x18, 0x8,
    0x6, 0x60, 0x11, 0x50, 0x4, 0x46, 0x0, 0x82,
    0xb5, 0x6f, 0x20, 0x3, 0x42, 0xd5, 0x25, 0x8c,
    0x0, 0xfd, 0xf8, 0x8c, 0xc0, 0xf, 0x21, 0x60,
    0x4d, 0xb2, 0xc5, 0x93, 0x85, 0x4, 0x52, 0xb6,
    0x0,

    /* U+0068 "h" */
    0xae, 0x0, 0xff, 0xea, 0x15, 0xfe, 0xb0, 0x0,
    0x7f, 0x28, 0x64, 0xc0, 0x12, 0xeb, 0xa1, 0x60,
    0x4, 0x0, 0x8, 0x88, 0x4, 0x3, 0x18, 0x7,
    0xff, 0x54,

    /* U+0069 "i" */
    0x9d, 0x1, 0x10, 0x46, 0x0, 0x6a, 0xe0, 0xf,
    0xfe, 0x68,

    /* U+006A "j" */
    0x0, 0xa7, 0x40, 0x30, 0x88, 0x3, 0x46, 0x0,
    0x7f, 0xab, 0x80, 0x3f, 0xfd, 0x2, 0x40, 0x19,
    0x54, 0x10, 0xb4, 0x36, 0x19, 0x6f, 0x44, 0x0,

    /* U+006B "k" */
    0xae, 0x0, 0xff, 0xeb, 0xf, 0x68, 0x80, 0x6d,
    0xf, 0x10, 0xa, 0x8f, 0x48, 0x2, 0x85, 0xb3,
    0x0, 0x85, 0xd1, 0x0, 0x18, 0x69, 0x20, 0x3,
    0x96, 0x1d, 0xc0, 0x1c, 0xeb, 0xa, 0x1, 0xd4,
    0x74, 0x80,

    /* U+006C "l" */
    0xae, 0x0, 0xff, 0xe6, 0x0,

    /* U+006D "m" */
    0xae, 0x3c, 0xfd, 0x30, 0xaf, 0xe8, 0x0, 0xf,
    0x54, 0x9e, 0xd9, 0xd2, 0x3b, 0x0, 0x25, 0x99,
    0x2, 0x12, 0xb4, 0x38, 0x0, 0x40, 0x2, 0x86,
    0x80, 0x44, 0xc0, 0x20, 0x10, 0x81, 0x80, 0x4e,
    0x20, 0x1f, 0xfe, 0x80,

    /* U+006E "n" */
    0xae, 0x2b, 0xfd, 0x60, 0x0, 0xfe, 0x50, 0xc9,
    0x80, 0x25, 0xd7, 0x42, 0xc0, 0x8, 0x0, 0x11,
    0x10, 0x8, 0x6, 0x30, 0xf, 0xfe, 0xa8,

    /* U+006F "o" */
    0x0, 0x1d, 0xf7, 0xeb, 0x0, 0x47, 0x8d, 0x14,
    0xf3, 0x0, 0xf, 0x1d, 0x65, 0xa5, 0x71, 0x11,
    0xb0, 0x6, 0xe0, 0x53, 0xe, 0x0, 0xce, 0x2,
    0x60, 0x20, 0x19, 0xc0, 0x44, 0x54, 0x1, 0xb8,
    0x10, 0x24, 0xb1, 0x96, 0x96, 0x40, 0x9, 0x8f,
    0x34, 0xd6, 0xc0,

    /* U+0070 "p" */
    0xae, 0x1b, 0xfe, 0x90, 0x8, 0x70, 0xe9, 0x99,
    0x40, 0x14, 0x41, 0x61, 0xd4, 0x80, 0xa, 0x1,
    0x58, 0x38, 0x8, 0x6, 0x10, 0x30, 0x10, 0xc,
    0xc0, 0x60, 0x3, 0x0, 0xb8, 0x10, 0x1, 0xae,
    0xb4, 0xb0, 0x20, 0x3b, 0x54, 0x78, 0x70, 0x8,
    0xf7, 0xf5, 0xc0, 0x3f, 0xfa, 0x20,

    /* U+0071 "q" */
    0x0, 0x26, 0x7f, 0x35, 0x70, 0x25, 0x85, 0x5d,
    0x90, 0x1, 0x25, 0x8a, 0xac, 0x0, 0x9, 0x28,
    0x4, 0x2a, 0x6, 0x1c, 0x1, 0x84, 0xc, 0x4,
    0x3, 0x30, 0x8, 0xac, 0x2, 0x23, 0x0, 0x41,
    0xda, 0xb6, 0x8, 0x1, 0xa1, 0x6a, 0xe1, 0x0,
    0x27, 0xef, 0xd6, 0x0, 0xff, 0xe8, 0x80,

    /* U+0072 "r" */
    0xae, 0x3d, 0xc0, 0x7, 0x2b, 0x0, 0xdc, 0x50,
    0x1, 0x80, 0x21, 0x0, 0xff, 0xe5, 0x80,

    /* U+0073 "s" */
    0x1, 0x9e, 0xfc, 0x20, 0xd4, 0xbb, 0x2b, 0x1,
    0xaa, 0x92, 0x50, 0x9, 0x98, 0x1, 0xbd, 0x67,
    0x9c, 0x0, 0x57, 0xa9, 0xe, 0x1, 0x15, 0xe,
    0x8d, 0xaa, 0x38, 0xe0, 0x2, 0xae, 0xa5, 0x80,

    /* U+0074 "t" */
    0x1, 0xa5, 0x0, 0x8d, 0x4c, 0x3, 0xf5, 0x68,
    0x4f, 0xc4, 0x24, 0x1e, 0xe8, 0x90, 0x39, 0x8,
    0x3, 0xff, 0x9a, 0x41, 0x4a, 0xc0, 0xa, 0x2b,
    0x40,

    /* U+0075 "u" */
    0xcb, 0x0, 0xdf, 0x0, 0x1f, 0xfd, 0x57, 0x0,
    0x84, 0x0, 0xc4, 0x1, 0x38, 0x3, 0x86, 0xd5,
    0xec, 0x0, 0x90, 0xd5, 0x9e, 0x0,

    /* U+0076 "v" */
    0xbe, 0x0, 0xcf, 0xe5, 0xc2, 0x80, 0x15, 0x99,
    0x28, 0x68, 0x0, 0x8e, 0x80, 0xa, 0xe0, 0x5,
    0x6, 0x0, 0x70, 0x98, 0x5b, 0x0, 0x48, 0x34,
    0x47, 0x40, 0x19, 0x9d, 0x48, 0xc0, 0x35, 0xd,
    0x50, 0x3, 0x88, 0xa6, 0x0, 0x80,

    /* U+0077 "w" */
    0xae, 0x0, 0x9b, 0xd0, 0x0, 0x5e, 0x9e, 0x24,
    0x0, 0xd0, 0xc0, 0x2, 0x2, 0x20, 0x10, 0x0,
    0x86, 0x80, 0xc, 0x40, 0x13, 0xc0, 0x30, 0x83,
    0x0, 0x26, 0x80, 0x11, 0x0, 0x89, 0x2, 0x8,
    0x90, 0x1, 0x62, 0x59, 0xa0, 0x98, 0x84, 0x40,
    0x1, 0x8a, 0x21, 0xc3, 0x53, 0x10, 0x3, 0x25,
    0x18, 0x82, 0x1a, 0x68, 0x6, 0xf3, 0xb0, 0x1,
    0x14, 0x80, 0x0,

    /* U+0078 "x" */
    0x5f, 0x60, 0x0, 0xfc, 0xaa, 0x40, 0x2, 0x6,
    0x42, 0x45, 0xc9, 0xa8, 0x0, 0x4f, 0x3c, 0xa8,
    0x1, 0x40, 0x9c, 0x0, 0x67, 0x11, 0x40, 0x4,
    0x51, 0xb, 0x54, 0x0, 0x71, 0x32, 0x9c, 0x83,
    0x9c, 0x80, 0x3c, 0xa0,

    /* U+0079 "y" */
    0xbf, 0x0, 0xcb, 0xe7, 0xc0, 0x80, 0x17, 0x11,
    0xa8, 0xf0, 0x0, 0x52, 0x80, 0xc, 0xa0, 0x7,
    0x6, 0x0, 0x50, 0x28, 0x52, 0x88, 0x0, 0x8f,
    0xc4, 0xf8, 0x3, 0x52, 0xb0, 0xa0, 0x6, 0x60,
    0x86, 0x0, 0xf2, 0x85, 0x0, 0x79, 0x90, 0x80,
    0x38, 0xcd, 0xc0, 0x18, 0x97, 0x8d, 0x40, 0x35,
    0xd3, 0x68, 0x7, 0x4f, 0xd8, 0x80, 0x70,

    /* U+007A "z" */
    0x4f, 0xff, 0x32, 0xdd, 0xe1, 0x36, 0x14, 0x4b,
    0x47, 0x80, 0x32, 0x34, 0x90, 0x4, 0x34, 0x8c,
    0x1, 0xac, 0x28, 0x3, 0x2a, 0xac, 0x40, 0x21,
    0xb3, 0x14, 0x48, 0x6c, 0x4e, 0xef, 0x30,

    /* U+007B "{" */
    0x0, 0xd, 0xd8, 0x1, 0x6d, 0x20, 0x7, 0xa2,
    0x0, 0x18, 0x7, 0xf8, 0x40, 0xa, 0x2a, 0x7,
    0x4c, 0x60, 0x74, 0xc6, 0x0, 0x51, 0x50, 0xc,
    0x20, 0x1f, 0x8c, 0x3, 0x3d, 0x10, 0x2, 0xda,
    0x40,

    /* U+007C "|" */
    0x8d, 0x0, 0xff, 0xea, 0x0,

    /* U+007D "}" */
    0x6d, 0x50, 0x3, 0xa5, 0x8, 0xc, 0x1, 0x0,
    0x67, 0x0, 0xf8, 0x40, 0x38, 0xb8, 0x2, 0xe5,
    0x90, 0x7, 0x24, 0x0, 0xb, 0xc4, 0x4, 0x3,
    0xfe, 0x70, 0x19, 0x2, 0x7, 0x5a, 0x10,

    /* U+007E "~" */
    0x6, 0xef, 0xb5, 0x4, 0xf0, 0x19, 0xbb, 0x15,
    0xfd, 0xc0, 0xf, 0xaa, 0x4f, 0x6f, 0x38, 0x0,

    /* U+4E00 "一" */
    0xcf, 0xff, 0xfe, 0x16, 0x44, 0xcf, 0xff, 0xa,
    0x0,

    /* U+4E0A "上" */
    0x0, 0xf3, 0xf8, 0x7, 0xff, 0xd3, 0xff, 0xcc,
    0x1, 0xfd, 0x77, 0xe7, 0x0, 0xfe, 0x44, 0xf0,
    0x80, 0x7f, 0xff, 0xc0, 0x3d, 0x3f, 0xfd, 0x1,
    0xff, 0xf4, 0xdd, 0xff, 0xf1, 0x0,

    /* U+4E0D "不" */
    0x7f, 0xff, 0xfe, 0x13, 0xb6, 0x67, 0xa4, 0x23,
    0x33, 0x98, 0x4c, 0xfd, 0x54, 0x73, 0x3e, 0x10,
    0xf, 0x49, 0x60, 0x7, 0xff, 0x1, 0xf9, 0x40,
    0x3f, 0xf8, 0xb, 0x8e, 0x0, 0x4c, 0x40, 0xf,
    0x9e, 0x6c, 0x2, 0x4a, 0xa6, 0x18, 0x6, 0x9b,
    0xd0, 0xe, 0x6e, 0x4c, 0xa2, 0x26, 0x96, 0x8,
    0x7, 0xd1, 0xa2, 0x94, 0x96, 0x1, 0xfe, 0x2b,
    0x68, 0x90, 0xf, 0xff, 0x90,

    /* U+4E2D "中" */
    0x0, 0xf5, 0x50, 0x3, 0xff, 0x91, 0x7f, 0xfc,
    0xaa, 0xff, 0xec, 0x5, 0xdd, 0xc8, 0x8d, 0xdc,
    0xc0, 0x3, 0x22, 0xc2, 0x22, 0x2c, 0x20, 0x1f,
    0xfd, 0x26, 0xff, 0xca, 0xaf, 0xfc, 0xe0, 0x5,
    0xdd, 0xc8, 0x8d, 0xdc, 0xc1, 0x74, 0x45, 0x84,
    0x44, 0x5a, 0x70, 0x3, 0xff, 0xd8,

    /* U+4E4B "之" */
    0x0, 0xf1, 0x61, 0x0, 0x7f, 0xf0, 0x48, 0x64,
    0x3, 0xff, 0x85, 0x20, 0x1f, 0xd5, 0xff, 0xd6,
    0x9f, 0xfc, 0x40, 0xb, 0xdd, 0xfe, 0xa0, 0x42,
    0x0, 0x9, 0x17, 0xe6, 0xa5, 0xb0, 0xf, 0xf9,
    0xed, 0xe8, 0x3, 0xfc, 0x37, 0x15, 0x0, 0x1f,
    0xe5, 0xf7, 0xd5, 0x0, 0xfe, 0x2b, 0xa6, 0xc2,
    0x0, 0xfc, 0x4f, 0xaf, 0xb0, 0x1, 0xfc, 0xdb,
    0x9, 0x84, 0x1, 0xfc, 0xd3, 0x76, 0x4c, 0x62,
    0x0, 0xfc, 0x36, 0x88, 0xe5, 0x8d, 0xff, 0xfa,
    0x1d, 0x0, 0x3, 0x3d, 0xcd, 0xcc, 0xf4, 0x80,

    /* U+4E8C "二" */
    0x6, 0xff, 0xff, 0xe0, 0x30, 0x1, 0x2a, 0xbf,
    0xf8, 0x8, 0x0, 0x25, 0x5f, 0xfe, 0x1, 0x0,
    0x7f, 0xff, 0xc0, 0x3f, 0xfb, 0x51, 0xff, 0xff,
    0xc2, 0x7a, 0xaf, 0xfe, 0x1a, 0x80,

    /* U+4E8E "于" */
    0x7, 0xff, 0xff, 0xe0, 0x40, 0x1, 0xb3, 0x39,
    0xc7, 0x33, 0xa4, 0x0, 0x26, 0x7d, 0xc0, 0x67,
    0xc2, 0x1, 0xff, 0xd5, 0xbf, 0xff, 0x48, 0xff,
    0xfa, 0xe7, 0x33, 0xce, 0x39, 0x9e, 0x92, 0x33,
    0xf7, 0x1, 0x9f, 0x88, 0x3, 0xff, 0xd7, 0xe6,
    0x1, 0xff, 0x7f, 0xcc, 0x80, 0x1f, 0xf5, 0x55,
    0x92, 0x1, 0xf0,

    /* U+4EC7 "仇" */
    0x0, 0xa6, 0x0, 0x11, 0x60, 0x1f, 0xe7, 0xd0,
    0x0, 0x88, 0x3, 0xf9, 0x81, 0x7f, 0xcc, 0xbf,
    0xf5, 0x0, 0x75, 0xb8, 0x66, 0x11, 0x73, 0xc,
    0x1, 0xcc, 0x42, 0x6, 0x60, 0x23, 0x30, 0x80,
    0x61, 0x80, 0xe, 0x7f, 0x0, 0xfa, 0x9, 0x40,
    0x30, 0x88, 0x3, 0xec, 0xe0, 0xe, 0x23, 0x0,
    0xf9, 0x48, 0x3, 0x18, 0x20, 0x7, 0x34, 0x0,
    0x7a, 0xc8, 0x40, 0x3b, 0x8c, 0x3, 0x85, 0xa8,
    0x3, 0xc4, 0x40, 0xe, 0x83, 0x70, 0xc, 0x20,
    0xdc, 0x1, 0x9d, 0xa4, 0x3, 0x62, 0x79, 0xb0,
    0x6, 0xda, 0x40, 0xc, 0x9d, 0xbe, 0x20,

    /* U+4ECA "今" */
    0x0, 0xf0, 0xef, 0x0, 0x7f, 0xf0, 0x6c, 0xe,
    0x40, 0x3f, 0xea, 0x4f, 0xf3, 0x40, 0x7, 0xe1,
    0xb4, 0xc2, 0x25, 0xbc, 0x80, 0x79, 0x3c, 0x3c,
    0x70, 0x13, 0x1f, 0x4c, 0x0, 0x77, 0x69, 0xb1,
    0x31, 0xa0, 0x3e, 0x4c, 0xb4, 0xb1, 0xe7, 0x0,
    0xb8, 0x44, 0x0, 0x9c, 0x2, 0x8a, 0x10, 0xc,
    0x76, 0x20, 0x11, 0xdb, 0x0, 0x3f, 0xff, 0xe6,
    0x0, 0xd7, 0x7f, 0xc8, 0x8, 0x1, 0x91, 0x3f,
    0x2, 0x49, 0x0, 0x7f, 0xc3, 0x4a, 0xc0, 0x1f,
    0xfc, 0xd, 0x3a, 0x0, 0xff, 0xe0, 0x51, 0xf8,
    0x7, 0xff, 0x4, 0xe8, 0x80, 0x38,

    /* U+4EFD "份" */
    0x0, 0x96, 0xc0, 0x3a, 0xd0, 0x3, 0xee, 0x20,
    0x2, 0xd8, 0x1f, 0x80, 0x78, 0x52, 0x80, 0x12,
    0x61, 0x28, 0x80, 0xe, 0x93, 0x30, 0x21, 0xc8,
    0xc, 0x50, 0x80, 0x66, 0xa0, 0x4, 0xb8, 0x80,
    0x1d, 0x74, 0x2, 0x71, 0x0, 0x48, 0x40, 0x6,
    0xb0, 0xd2, 0x24, 0x0, 0x19, 0x9c, 0x1, 0xec,
    0x74, 0x85, 0x20, 0xf5, 0xcf, 0xff, 0x3d, 0x36,
    0x58, 0x2, 0x6b, 0x99, 0x3b, 0xa2, 0x10, 0x3,
    0x8, 0x6, 0x13, 0x30, 0x8c, 0x6, 0x1, 0xfc,
    0x9c, 0x1, 0xff, 0xc1, 0x41, 0x70, 0x8, 0xc4,
    0x3, 0xe1, 0x97, 0x10, 0x8, 0x5c, 0x3, 0xc3,
    0x8d, 0x2, 0x20, 0x50, 0x20, 0xf, 0x33, 0xd8,
    0x4f, 0x7d, 0x40, 0x80, 0x6d, 0x67, 0xa0, 0x4,
    0x6e, 0xbd, 0xc0, 0x20,

    /* U+4F7F "使" */
    0x0, 0xad, 0x80, 0x34, 0xd0, 0x7, 0xc4, 0x99,
    0xff, 0x99, 0x7f, 0xf5, 0x80, 0x21, 0x6b, 0xbb,
    0x32, 0xf7, 0x6b, 0x3, 0x5e, 0xd, 0xee, 0x99,
    0x7b, 0xac, 0x0, 0x70, 0x38, 0x2, 0x7f, 0xcc,
    0xbf, 0xea, 0x0, 0x40, 0x8, 0x7, 0xc6, 0x1,
    0xdd, 0xe0, 0x1a, 0x7f, 0xcc, 0xcf, 0xf5, 0x0,
    0x18, 0x80, 0x2c, 0xff, 0x8e, 0x3f, 0xd4, 0x1,
    0xf0, 0xe1, 0x1, 0x98, 0x0, 0xba, 0x1, 0xe1,
    0x5c, 0x80, 0x40, 0xf, 0xfa, 0x51, 0xcc, 0x40,
    0x3f, 0xc9, 0x4a, 0xa1, 0xeb, 0x74, 0x10, 0xe,
    0xb8, 0xde, 0xad, 0xb1, 0x9b, 0xe7, 0x0, 0x71,
    0xde, 0x38, 0x80, 0x12, 0xbb, 0x98, 0xe0,

    /* U+5165 "入" */
    0x0, 0xc3, 0x88, 0x1, 0xff, 0xc1, 0x1b, 0xb1,
    0x80, 0x7f, 0xf0, 0x5d, 0xdc, 0x1, 0xff, 0xc2,
    0x92, 0x70, 0xf, 0xfe, 0xa, 0x4, 0x88, 0x7,
    0xff, 0x3, 0x94, 0xa4, 0x3, 0xfe, 0x14, 0xe8,
    0x71, 0x0, 0xff, 0x59, 0x22, 0xe, 0x0, 0x3f,
    0x8d, 0x64, 0x1, 0xec, 0x60, 0x1f, 0xb9, 0x10,
    0x0, 0x35, 0xe0, 0xf, 0xac, 0x28, 0x3, 0x59,
    0xd0, 0x7, 0x52, 0xf8, 0x80, 0x61, 0xd5, 0xa0,
    0x1, 0x6a, 0x69, 0x0, 0x78, 0xed, 0x74, 0xdd,
    0xbc, 0xc0, 0x3f, 0x26, 0x8, 0x0,

    /* U+5185 "内" */
    0x0, 0xf5, 0x50, 0x3, 0xff, 0xac, 0xdf, 0xfc,
    0xaa, 0xff, 0xe6, 0x1, 0xcc, 0xc6, 0xb9, 0x98,
    0x40, 0x6, 0x7c, 0x3a, 0x67, 0x80, 0x3e, 0x12,
    0x0, 0xff, 0xe0, 0x58, 0xcc, 0x80, 0x3f, 0xa1,
    0x77, 0x12, 0xc0, 0x3c, 0x56, 0xd6, 0x65, 0x8f,
    0xa2, 0x1, 0xac, 0x7d, 0x0, 0x3, 0x8c, 0x80,
    0x1a, 0x68, 0x40, 0x3a, 0xd4, 0x3, 0xfc, 0x26,
    0x24, 0x26, 0x1, 0xf8, 0xf3, 0xb4, 0xd5, 0xb4,
    0x3, 0xc5, 0xff, 0x60, 0x0,

    /* U+518D "再" */
    0x2f, 0xff, 0xfe, 0x11, 0x13, 0xbb, 0xca, 0xae,
    0xef, 0x10, 0x8, 0xf8, 0xcc, 0x23, 0xe0, 0xa,
    0xbf, 0xf3, 0x33, 0xff, 0x58, 0x7, 0x37, 0xfc,
    0xcc, 0xff, 0x9c, 0x3, 0xff, 0x94, 0xdf, 0xf3,
    0x33, 0xfe, 0x70, 0xf, 0x37, 0xfc, 0xcc, 0xff,
    0x9c, 0x3, 0xff, 0x8f, 0x5e, 0xad, 0xff, 0x33,
    0x3f, 0xe7, 0x4f, 0xca, 0xe4, 0x6e, 0xef, 0xcc,
    0x9d, 0x80, 0x22, 0x1, 0x1f, 0xe0, 0x10, 0xf,
    0xfe, 0x9, 0x88, 0x7, 0xfd, 0x3f, 0xe4, 0xf0,
    0xd, 0x52, 0x1, 0xd1, 0xbd, 0xea, 0x0,

    /* U+51FA "出" */
    0x0, 0xf5, 0xd0, 0x7, 0x87, 0xcc, 0x3, 0xf2,
    0x78, 0x80, 0x7f, 0xfb, 0xb3, 0xfe, 0x45, 0xff,
    0xac, 0x0, 0x39, 0x9c, 0x69, 0x99, 0x48, 0x4,
    0x67, 0xce, 0x26, 0x73, 0x78, 0xc6, 0x0, 0x7f,
    0xb2, 0x0, 0x3f, 0xfb, 0xe7, 0xff, 0x91, 0x7f,
    0xf1, 0x84, 0xe6, 0x7f, 0xc4, 0x0,

    /* U+5206 "分" */
    0x0, 0xea, 0x60, 0x1d, 0x20, 0xf, 0xe5, 0x52,
    0x0, 0xb4, 0x0, 0x7e, 0x2a, 0x82, 0x0, 0x4a,
    0xa8, 0x3, 0xc3, 0xea, 0xe0, 0x11, 0x4d, 0x20,
    0x6, 0x1d, 0x1a, 0x0, 0xe6, 0x8b, 0x60, 0x1,
    0x60, 0x60, 0x7, 0xcf, 0x32, 0xb2, 0x54, 0xc0,
    0xf, 0xe6, 0xd7, 0x47, 0x9c, 0xff, 0xfe, 0x92,
    0xc6, 0x0, 0x6e, 0xc4, 0xfb, 0xb9, 0x4, 0x3,
    0x84, 0x8a, 0xd2, 0x2c, 0x1, 0xfc, 0x60, 0x80,
    0x19, 0xfc, 0x3, 0xe8, 0x51, 0x0, 0xc2, 0x20,
    0xf, 0x42, 0x40, 0x98, 0x82, 0x92, 0x0, 0x63,
    0xb6, 0xc2, 0xc, 0xef, 0xa8, 0x20, 0x8, 0x78,
    0xf8, 0xc0, 0x7f, 0xb9, 0xee, 0x1, 0x80,

    /* U+521B "创" */
    0x0, 0xd9, 0xe8, 0x1, 0xe7, 0xc0, 0xa, 0x46,
    0x2d, 0xc0, 0x16, 0xe0, 0x1d, 0x29, 0x8f, 0x93,
    0x40, 0x1e, 0x1b, 0x3d, 0x10, 0x3f, 0x15, 0x0,
    0xe6, 0x25, 0xff, 0xdd, 0x8a, 0x1, 0xcf, 0x1,
    0x9d, 0xd1, 0x80, 0x7f, 0x84, 0x70, 0x8, 0x7,
    0xff, 0x4, 0x4c, 0x3, 0xfc, 0x40, 0x64, 0xe0,
    0x1f, 0xec, 0xfc, 0x52, 0x0, 0xff, 0x77, 0x3e,
    0x80, 0x3f, 0xf8, 0x2, 0x0, 0xa5, 0xb7, 0xe,
    0x0, 0x8, 0x38, 0x4, 0x4a, 0x37, 0xfe, 0x64,
    0x0, 0x35, 0x7f, 0xda, 0x88, 0x9b, 0xb6, 0x40,
    0x2, 0x7b, 0x75, 0xdc, 0xb0, 0x24, 0x41, 0x80,

    /* U+5230 "到" */
    0x0, 0xff, 0xe0, 0x9f, 0x8b, 0x7f, 0xfe, 0x90,
    0xf, 0x3e, 0xe8, 0xcd, 0xbb, 0xa2, 0x68, 0x3,
    0x9, 0x31, 0xf1, 0x52, 0x10, 0x80, 0x7c, 0x33,
    0x4, 0x17, 0x0, 0x1f, 0x87, 0x4c, 0x66, 0xf4,
    0x5c, 0x3, 0xe1, 0x11, 0xe0, 0xee, 0xb2, 0x4,
    0x3, 0xed, 0xd5, 0x16, 0x19, 0x90, 0x80, 0x3c,
    0x9f, 0xf2, 0xab, 0xfc, 0x80, 0x1f, 0x26, 0xec,
    0xaa, 0xdd, 0x8c, 0x3, 0xe2, 0x28, 0x0, 0x45,
    0x0, 0x7f, 0xf1, 0x66, 0x80, 0x31, 0xb3, 0xc3,
    0xa6, 0x6f, 0x38, 0x4, 0xa0, 0xb, 0x8a, 0x37,
    0x75, 0xda, 0x98, 0xff, 0xd2, 0x63, 0x1d, 0xb7,
    0x52, 0xec, 0x82, 0x75, 0x4b, 0xc0,

    /* U+529F "功" */
    0x0, 0xfc, 0x9e, 0x1, 0xff, 0xc8, 0x9f, 0xfe,
    0xb0, 0xf, 0xd7, 0x92, 0x17, 0x8b, 0xf6, 0x1f,
    0xfb, 0x88, 0xd4, 0x14, 0xf3, 0x10, 0x39, 0x93,
    0x80, 0x7c, 0x46, 0x26, 0x7b, 0x8c, 0x3, 0xf0,
    0x88, 0x3, 0xff, 0x83, 0xcc, 0x1, 0x8, 0x80,
    0x3f, 0x2e, 0x80, 0x67, 0x0, 0xcd, 0x52, 0x26,
    0x80, 0x17, 0x82, 0xd6, 0x85, 0x1e, 0xc9, 0x18,
    0x4, 0x22, 0xd1, 0x9d, 0xd4, 0xb3, 0xc0, 0x6,
    0x33, 0x45, 0xb9, 0x0, 0xfa, 0xa9, 0x8, 0x5,
    0x3c, 0x3, 0x1e, 0x35, 0x7, 0xef, 0xf2, 0xb0,
    0x6, 0x95, 0xb0, 0x5, 0xf6, 0xfd, 0x80,

    /* U+5382 "厂" */
    0x0, 0x47, 0xff, 0xff, 0x2, 0x0, 0x21, 0xbb,
    0xff, 0xa8, 0x3, 0x22, 0x7f, 0xc4, 0x1, 0xff,
    0xe7, 0x30, 0xf, 0xfe, 0x10, 0x88, 0x3, 0xff,
    0x84, 0x4e, 0x1, 0xff, 0xc2, 0x53, 0x0, 0xff,
    0xe0, 0xa0, 0xe0, 0x7, 0xff, 0x7, 0xc5, 0x0,
    0x3f, 0xf8, 0xc, 0x90, 0x1, 0xff, 0xc1, 0x55,
    0x30, 0x7, 0xff, 0x4,

    /* U+540C "同" */
    0xaf, 0xff, 0xfe, 0x5, 0x3, 0x6e, 0xff, 0x94,
    0x0, 0x24, 0x5f, 0xe3, 0x0, 0xa7, 0xff, 0xf4,
    0x80, 0x68, 0xdd, 0xfd, 0x0, 0x18, 0x48, 0xbf,
    0x8, 0x7, 0x2f, 0xff, 0x90, 0x3, 0xe2, 0xdd,
    0xc2, 0x1, 0xfc, 0x45, 0x80, 0x3f, 0xf9, 0x65,
    0xff, 0x84, 0x3, 0xf1, 0x6e, 0xf2, 0x0, 0x79,
    0x70, 0x8b, 0x0, 0x81, 0x18, 0x6, 0x10, 0xd,
    0xfd, 0xeb, 0x40,

    /* U+540E "后" */
    0x0, 0x84, 0x44, 0x68, 0xaf, 0x35, 0x9c, 0xa0,
    0x17, 0xf7, 0x37, 0x2e, 0xe2, 0x4, 0x81, 0x0,
    0xd3, 0xbd, 0xfe, 0xec, 0xba, 0x86, 0x40, 0xc,
    0x44, 0x10, 0xf, 0xfe, 0xd, 0xff, 0xff, 0xd4,
    0x1, 0x4e, 0xef, 0xfd, 0x60, 0x11, 0x17, 0xff,
    0x0, 0x40, 0x27, 0x0, 0xff, 0xe2, 0x27, 0xff,
    0xf1, 0x80, 0x8, 0x8, 0x1, 0xbb, 0xf0, 0x6,
    0x60, 0x10, 0x1, 0x17, 0xc0, 0x1b, 0x50, 0x3,
    0xff, 0x84, 0xfc, 0x1, 0xff, 0xc1, 0x73, 0x50,
    0xb, 0xff, 0xe0, 0xb, 0xe4, 0x3, 0x77, 0x7b,
    0x40, 0x20,

    /* U+5728 "在" */
    0x0, 0xe4, 0xd1, 0x0, 0xff, 0xe0, 0xe8, 0x88,
    0x3, 0xf3, 0x7f, 0xe6, 0x3f, 0xff, 0xd6, 0xdb,
    0xb3, 0xe, 0xef, 0xf5, 0x1, 0x14, 0xf2, 0x45,
    0x5c, 0x11, 0x61, 0x0, 0x9c, 0x1c, 0x3, 0xff,
    0x80, 0x31, 0x60, 0x1f, 0xfc, 0x1a, 0x5, 0xaf,
    0xf9, 0x97, 0xfe, 0xc0, 0x3, 0xa0, 0x2, 0xf7,
    0x65, 0x4d, 0xdc, 0x9, 0xe, 0x0, 0x12, 0x28,
    0xc4, 0x8a, 0x10, 0x3a, 0xc0, 0xf, 0xfe, 0xb,
    0xa8, 0x7, 0xff, 0x5a, 0x3f, 0xf3, 0x2f, 0xfe,
    0xb0, 0xd, 0x1d, 0xdf, 0xea,

    /* U+5907 "备" */
    0x0, 0xd3, 0x0, 0x1f, 0xfc, 0x14, 0x6d, 0x0,
    0xff, 0xe0, 0xd, 0x5, 0x7f, 0xfd, 0x20, 0x10,
    0xe1, 0x8b, 0xff, 0xed, 0x41, 0xb0, 0x0, 0xe8,
    0x66, 0x17, 0xc, 0x63, 0x43, 0xc8, 0x0, 0xaf,
    0x82, 0x5a, 0xf9, 0xcf, 0x56, 0x20, 0x12, 0x52,
    0xbd, 0xe1, 0xef, 0x3d, 0xe4, 0x29, 0x8c, 0xe7,
    0xc, 0xe4, 0x10, 0xc7, 0x78, 0x76, 0xbc, 0xe9,
    0xce, 0xff, 0xfb, 0x1c, 0xb9, 0x80, 0x26, 0xff,
    0x99, 0x9f, 0xf3, 0x0, 0x79, 0xbb, 0xa6, 0x67,
    0x74, 0xc0, 0x1e, 0x6e, 0xe9, 0x99, 0xdd, 0x30,
    0x7, 0xff, 0x29, 0xbf, 0xe6, 0x67, 0xfc, 0xc0,
    0x1e, 0x6f, 0xff, 0xcc, 0x1, 0x0,

    /* U+590D "复" */
    0x0, 0x9f, 0x40, 0x3f, 0xf8, 0x25, 0x5, 0xff,
    0xfe, 0x80, 0x1f, 0x9f, 0xff, 0xfa, 0x7, 0x2,
    0x7f, 0xff, 0xc0, 0x6, 0xab, 0x5f, 0xff, 0xda,
    0x1, 0x3b, 0x81, 0x7b, 0xbf, 0x60, 0x7, 0x97,
    0xbb, 0xf6, 0x0, 0x79, 0x7f, 0xff, 0x68, 0x7,
    0x37, 0xb9, 0x7f, 0xfe, 0x0, 0xe5, 0x73, 0xee,
    0xf7, 0xf8, 0x3, 0x2c, 0x31, 0xd7, 0x75, 0xaa,
    0x7a, 0x1, 0x3c, 0x64, 0xf7, 0xec, 0x6f, 0x73,
    0x8, 0x0, 0xfb, 0x84, 0xd4, 0xc6, 0x62, 0x3f,
    0x64, 0x20, 0x72, 0xf8, 0xec, 0xfe, 0xbf, 0xa3,
    0xab, 0xd8, 0x8, 0xeb, 0x85, 0x20, 0x9, 0x27,
    0x3f, 0x20,

    /* U+5931 "失" */
    0x0, 0xf9, 0xb8, 0x3, 0xfd, 0x30, 0x1, 0xff,
    0xc1, 0x26, 0xc0, 0xf, 0xfe, 0xc, 0x85, 0xff,
    0xa4, 0x7f, 0xfa, 0xc0, 0x10, 0x97, 0x99, 0x39,
    0x66, 0x74, 0x80, 0xe, 0xd0, 0xce, 0xf1, 0x33,
    0xe2, 0x0, 0x5a, 0x0, 0x6f, 0x0, 0xfd, 0x1f,
    0xfe, 0x73, 0xff, 0xf4, 0xcb, 0x33, 0xc0, 0xb,
    0xcc, 0xe8, 0x13, 0x3e, 0x52, 0x7c, 0x33, 0xe1,
    0x0, 0xe2, 0x89, 0x93, 0x18, 0x7, 0xf1, 0x63,
    0x20, 0xd6, 0x90, 0x7, 0xcf, 0xb3, 0x0, 0x4,
    0xbd, 0x70, 0x8, 0x5b, 0xab, 0x1c, 0x3, 0x2e,
    0xd7, 0x41, 0x2d, 0xc6, 0x98, 0x7, 0x8b, 0x6d,
    0x5c,

    /* U+5B58 "存" */
    0x0, 0xeb, 0x70, 0xf, 0xfe, 0x12, 0x10, 0x7,
    0xf4, 0xff, 0xe0, 0xaf, 0xff, 0xd7, 0x1b, 0xb1,
    0x36, 0xef, 0xf5, 0x9, 0x11, 0xca, 0x8, 0xbf,
    0x84, 0x2, 0xb8, 0x4f, 0xff, 0xd4, 0x1, 0x48,
    0xba, 0xee, 0xeb, 0x63, 0x59, 0x0, 0x2b, 0x8,
    0x0, 0x8b, 0x5e, 0x62, 0x8c, 0x12, 0x94, 0x3,
    0xf3, 0x0, 0x63, 0x9e, 0x6, 0xff, 0xe0, 0xcf,
    0xfb, 0x1d, 0x80, 0xd, 0xbb, 0xc1, 0x7b, 0xb8,
    0x3, 0x88, 0xb8, 0x1c, 0x8a, 0x10, 0xf, 0xe2,
    0x1, 0x0, 0xff, 0xbf, 0xda, 0x24, 0x1, 0xe4,
    0xe0, 0xb, 0xb7, 0x5c, 0x1, 0xc0,

    /* U+5BA5 "宥" */
    0x0, 0xf0, 0xe1, 0x80, 0x7f, 0xf0, 0x44, 0x20,
    0x3, 0xe1, 0xff, 0xf1, 0xa7, 0xff, 0x84, 0x1,
    0x7d, 0xdf, 0xeb, 0x0, 0xf, 0xa0, 0x88, 0xfd,
    0x44, 0x79, 0x3c, 0x5b, 0xff, 0x68, 0xdf, 0xff,
    0xd0, 0xdd, 0xcd, 0x26, 0xee, 0xfe, 0x80, 0x11,
    0x49, 0x37, 0x77, 0xd4, 0x20, 0x1, 0xb5, 0x6e,
    0xef, 0x9c, 0x2, 0x2c, 0xd4, 0x6e, 0xef, 0x9c,
    0x2, 0x5b, 0x60, 0x7f, 0xff, 0x9c, 0x2, 0x76,
    0x0, 0x3f, 0xff, 0xce, 0x1, 0xf3, 0xff, 0xfc,
    0xc2, 0x1, 0xff, 0x5f, 0x71, 0xb0, 0x3, 0xaa,
    0x0, 0x34, 0xd6, 0xe9, 0x80, 0x0,

    /* U+5BB6 "家" */
    0x0, 0xfa, 0xd4, 0x3, 0xff, 0x84, 0x70, 0x1,
    0xf1, 0x7f, 0xf9, 0xcb, 0xff, 0xc4, 0x0, 0xcd,
    0xdf, 0xf6, 0x0, 0xb, 0xeb, 0x77, 0xfd, 0x5e,
    0x40, 0x8, 0xdd, 0x38, 0x46, 0xef, 0x40, 0x4,
    0x2b, 0x78, 0x49, 0xa4, 0x5c, 0x20, 0x3, 0xfe,
    0xff, 0x50, 0xaa, 0x0, 0xa, 0x68, 0x0, 0x7d,
    0x4c, 0xba, 0x33, 0xb, 0x79, 0xd4, 0x1, 0xb,
    0x6c, 0x4d, 0xa1, 0xc3, 0xab, 0x80, 0x47, 0x9f,
    0xd8, 0x88, 0xc1, 0x4c, 0x6b, 0x0, 0x8f, 0x64,
    0xcd, 0x75, 0x49, 0x50, 0xc0, 0xe7, 0x10, 0x16,
    0xce, 0xde, 0x4c, 0x70, 0x1b, 0xb5, 0x21, 0xe7,
    0xfb, 0x27, 0xfc, 0x90, 0x1, 0x2e, 0xa9, 0xec,
    0x98, 0xee, 0x6f, 0x98, 0x7, 0x80,

    /* U+5DF2 "已" */
    0xbf, 0xff, 0xfb, 0x40, 0x15, 0xbb, 0xfe, 0x70,
    0x8, 0x48, 0xbf, 0xde, 0x1, 0x17, 0x98, 0x7,
    0xff, 0x47, 0x3f, 0xff, 0x40, 0x7, 0x56, 0xef,
    0xe7, 0x0, 0xe6, 0x22, 0xfd, 0x3e, 0x1, 0xff,
    0xc1, 0x12, 0xa6, 0x0, 0xff, 0xe0, 0xb8, 0x80,
    0x7f, 0xf0, 0x48, 0x86, 0x16, 0x1, 0xfd, 0x0,
    0x82, 0xaf, 0xff, 0xfc, 0xee, 0x10, 0xac, 0xba,
    0xaf, 0xaf, 0x60, 0x0,

    /* U+5E03 "布" */
    0x0, 0xf5, 0xb0, 0x7, 0xff, 0x5, 0x10, 0xa0,
    0x1f, 0xa3, 0xff, 0x58, 0x67, 0xff, 0xd5, 0x3b,
    0xb4, 0x86, 0x6e, 0xfe, 0xb1, 0x22, 0xa2, 0x4c,
    0xb1, 0x8, 0xb8, 0x40, 0x29, 0x26, 0x0, 0xff,
    0xe0, 0x2b, 0x1f, 0xfc, 0x33, 0xff, 0x8c, 0x0,
    0x74, 0x2b, 0xbb, 0xc, 0x6e, 0xc0, 0x11, 0x6c,
    0x21, 0x91, 0x40, 0x24, 0x50, 0x4, 0x8e, 0xe0,
    0xf, 0xfe, 0xb, 0x48, 0x7, 0xff, 0x38, 0xc0,
    0x40, 0x3f, 0xed, 0xfc, 0x22, 0x0, 0x7f, 0xdf,
    0x9b, 0xa0, 0xe, 0xa9, 0x0, 0xe2, 0x32, 0x0,
    0x80,

    /* U+5E08 "师" */
    0x0, 0xbc, 0x80, 0x3f, 0xde, 0x60, 0x16, 0xff,
    0xfe, 0xb0, 0xe, 0xce, 0xe8, 0xe3, 0xba, 0xb0,
    0xe, 0x11, 0xc0, 0x23, 0x80, 0x3c, 0x9f, 0xf1,
    0xcf, 0xfc, 0x1, 0xf0, 0xf7, 0xe, 0x3b, 0x0,
    0x3f, 0x84, 0x40, 0x23, 0x0, 0x7f, 0xf1, 0xc4,
    0xc, 0x3, 0xff, 0x80, 0x40, 0x20, 0x1f, 0xfc,
    0x4, 0x30, 0xf, 0xfb, 0xce, 0xd0, 0x3, 0xf3,
    0x80, 0x48, 0x74, 0x1, 0xec, 0xfa, 0x50, 0x1a,
    0x52, 0x4, 0xe0, 0xb, 0x3b, 0x94, 0x6, 0xb4,
    0x1, 0xf8, 0x44, 0x0,

    /* U+5F55 "录" */
    0x0, 0x77, 0xff, 0xf9, 0x0, 0x37, 0x7f, 0xff,
    0x8, 0x7, 0xff, 0x26, 0x7f, 0xff, 0x84, 0x3,
    0xa7, 0xff, 0xf8, 0x40, 0x3f, 0xf8, 0xf3, 0xff,
    0xff, 0xd, 0xfd, 0xcf, 0xff, 0x9c, 0x1f, 0xff,
    0xac, 0x1, 0x37, 0x61, 0x0, 0x22, 0x15, 0xef,
    0x88, 0x2, 0x9b, 0xb3, 0xe0, 0x3, 0xab, 0x3f,
    0x88, 0x2, 0x18, 0xe8, 0xb0, 0x1, 0x62, 0xe0,
    0x4, 0x97, 0xc9, 0x78, 0x88, 0x10, 0x3c, 0x4e,
    0x82, 0x31, 0xcc, 0x6e, 0xb0, 0x64, 0x0, 0x59,
    0x68, 0xe0,

    /* U+5F90 "徐" */
    0x0, 0x9a, 0x80, 0x35, 0xf0, 0x7, 0xc7, 0x3e,
    0x1, 0x2a, 0xd2, 0x1, 0xc3, 0xd0, 0xa0, 0x2,
    0xaa, 0x9d, 0x80, 0x22, 0xf5, 0x70, 0x1, 0xe4,
    0x20, 0xe4, 0x40, 0x0, 0x93, 0x5, 0x8d, 0x8c,
    0xe0, 0x2, 0xc5, 0xc3, 0x67, 0xf, 0x6b, 0x47,
    0xff, 0xda, 0x8b, 0x60, 0x9, 0xa, 0xdb, 0xee,
    0x49, 0x77, 0x26, 0x50, 0x10, 0xce, 0x1, 0x8,
    0x80, 0x2, 0x20, 0x9, 0xdc, 0x80, 0x7, 0xff,
    0xa4, 0xbf, 0xf0, 0x8a, 0xcc, 0x0, 0xfd, 0xd4,
    0x97, 0x76, 0x16, 0x40, 0xc, 0xf2, 0x20, 0x1,
    0xa2, 0x10, 0xf, 0xaf, 0x80, 0x36, 0x60, 0x80,
    0x3c, 0xc6, 0xc0, 0x19, 0xdb, 0x8, 0x3, 0xc,
    0x58, 0x3, 0x84, 0x1, 0x2a, 0xc0, 0x18, 0x95,
    0x53, 0xef, 0x60, 0x15, 0xa0, 0x2, 0x28, 0xec,
    0x23, 0x79, 0xc0, 0x38,

    /* U+6052 "恒" */
    0x0, 0x45, 0x80, 0x7f, 0xf1, 0x6b, 0xff, 0xf9,
    0x80, 0x3a, 0xbb, 0xbf, 0x98, 0x2, 0x6b, 0x1,
    0x1f, 0xe0, 0x2e, 0x6, 0xb, 0xaf, 0xff, 0x9c,
    0x11, 0x40, 0x11, 0x80, 0xdd, 0xdc, 0x60, 0xf,
    0xc0, 0x1, 0xb8, 0x8, 0xf9, 0xc0, 0x12, 0xe0,
    0x1c, 0xff, 0xfc, 0x80, 0x1f, 0xcd, 0xdd, 0xc6,
    0x1, 0xfc, 0x23, 0xe7, 0x0, 0xfe, 0x7f, 0xfe,
    0x40, 0xf, 0xe6, 0xee, 0xe3, 0x0, 0xfd, 0x52,
    0x23, 0xd8, 0xe0, 0x1c, 0x5f, 0xff, 0xec, 0x0,
    0xc5, 0xdd, 0xfe, 0xc0,

    /* U+6062 "恢" */
    0x0, 0x54, 0x0, 0x5c, 0x80, 0x1f, 0xfc, 0x21,
    0x70, 0xf, 0xfe, 0x7, 0xf8, 0x33, 0xff, 0xd2,
    0x1, 0x24, 0xf5, 0x87, 0x77, 0xd2, 0x78, 0x8,
    0x68, 0x44, 0x11, 0x5c, 0x88, 0xc0, 0x8a, 0x0,
    0xa5, 0xc4, 0x0, 0xbc, 0x3, 0x76, 0x0, 0x65,
    0x45, 0x1, 0x0, 0xe, 0x14, 0xa8, 0x4, 0xa3,
    0x16, 0xd, 0xc3, 0x8c, 0x40, 0x1d, 0x12, 0xa8,
    0xe4, 0xea, 0xd4, 0x1, 0xca, 0x4c, 0x14, 0x4,
    0x3, 0x60, 0x1c, 0x37, 0x2, 0x3, 0x37, 0x36,
    0x1, 0xe3, 0x57, 0x1, 0xd5, 0x67, 0x2b, 0x0,
    0xe2, 0xb0, 0x3c, 0x7b, 0x0, 0x6a, 0xd8, 0x80,
    0x7a, 0x2a, 0xc0, 0x21, 0xf7, 0x40,

    /* U+6210 "成" */
    0x0, 0xfc, 0x3e, 0x4b, 0x40, 0x1f, 0xfc, 0x25,
    0x2d, 0x20, 0xf, 0xe1, 0x1, 0x8, 0x92, 0x0,
    0x17, 0xff, 0xc1, 0x9f, 0xeb, 0xf9, 0x0, 0xaf,
    0x77, 0x82, 0x77, 0x74, 0x0, 0x4c, 0x45, 0xc2,
    0x64, 0x58, 0x40, 0x2d, 0xff, 0xa4, 0xc, 0xc0,
    0xb, 0x60, 0xd, 0x9b, 0xa4, 0x10, 0x6e, 0x5,
    0x44, 0x0, 0x4, 0xc, 0x88, 0x1, 0x19, 0x86,
    0xdc, 0x80, 0xa, 0x20, 0x13, 0xf0, 0x6a, 0x69,
    0x40, 0x5, 0xe8, 0x42, 0x46, 0x60, 0x40, 0x2d,
    0x5, 0xa0, 0x7f, 0xae, 0xd2, 0x50, 0x80, 0x31,
    0xd, 0x17, 0x5, 0x8d, 0xd8, 0xad, 0xe8, 0xf5,
    0x97, 0x3e, 0x80, 0x4, 0x40, 0x92, 0xf5, 0xf7,
    0x90, 0x68, 0x40, 0xe, 0xb9, 0x10, 0x1a, 0xfd,
    0x10,

    /* U+6211 "我" */
    0x15, 0x68, 0x9b, 0xe5, 0x57, 0x83, 0xc8, 0x4,
    0x55, 0x6a, 0xe7, 0xe, 0x20, 0x6, 0x4d, 0x20,
    0x3f, 0xda, 0x38, 0x62, 0x70, 0x0, 0xeb, 0x20,
    0x7, 0xfc, 0x20, 0xb, 0x60, 0xcf, 0xf4, 0x17,
    0xfd, 0x81, 0xdf, 0xfb, 0x37, 0x67, 0x2d, 0xdc,
    0x15, 0xbb, 0xc2, 0x44, 0xf0, 0x22, 0x19, 0x8,
    0x11, 0x2d, 0x44, 0x3, 0x1c, 0x67, 0x9, 0x10,
    0x1d, 0x90, 0x16, 0xba, 0x4, 0xab, 0x45, 0x76,
    0x21, 0x66, 0x18, 0x30, 0xe5, 0x4c, 0x41, 0x8a,
    0xd8, 0x80, 0x9, 0xb6, 0xf0, 0xc, 0x70, 0x10,
    0x60, 0xf0, 0x1, 0xe2, 0x9c, 0xa6, 0xb0, 0x6,
    0x88, 0x5, 0xc0, 0xe, 0x1e, 0x79, 0x3b, 0x14,
    0xc1, 0xff, 0x32, 0x86, 0x40, 0x80, 0x31, 0x78,
    0x10, 0x77, 0x36, 0x0, 0x3c, 0x5d, 0x9e, 0x20,

    /* U+6216 "或" */
    0x0, 0xfc, 0x7e, 0xd, 0x44, 0x1, 0xfe, 0x10,
    0x16, 0xee, 0x10, 0x7, 0xff, 0x5, 0x30, 0x82,
    0x3f, 0xfe, 0xd0, 0xef, 0xfd, 0x53, 0xbb, 0xf6,
    0x5, 0xee, 0xeb, 0x14, 0xdd, 0xe1, 0x30, 0x72,
    0x2c, 0x20, 0x3, 0xee, 0x84, 0x0, 0x2e, 0x0,
    0xc4, 0x0, 0x9c, 0x46, 0x0, 0x88, 0x80, 0x86,
    0xa0, 0x1f, 0xe6, 0xe0, 0x86, 0x10, 0x9, 0x3f,
    0xe1, 0x0, 0x6a, 0x39, 0x40, 0x6, 0x3e, 0xe8,
    0x40, 0x8, 0x71, 0x42, 0x1, 0x36, 0x8, 0xdc,
    0x20, 0x40, 0x88, 0x5, 0x93, 0x68, 0xac, 0xef,
    0xd2, 0xc2, 0x41, 0xd, 0x2b, 0xb1, 0x9a, 0xa9,
    0xb7, 0x8f, 0xa9, 0x84, 0x99, 0x1b, 0x72, 0xc8,
    0x71, 0xa, 0xb, 0x4c, 0x16,

    /* U+626B "扫" */
    0x0, 0x36, 0x0, 0x7f, 0xf1, 0x6f, 0xff, 0xed,
    0x0, 0xf4, 0xe6, 0x79, 0xc2, 0xbe, 0x4f, 0xfc,
    0x46, 0x7e, 0xf0, 0xae, 0x82, 0xee, 0x0, 0x7f,
    0x84, 0x70, 0x7, 0xff, 0x4, 0xaf, 0xc0, 0x3f,
    0x96, 0xe4, 0x4f, 0x17, 0xff, 0xd0, 0x1e, 0x6c,
    0x70, 0x49, 0x99, 0xe7, 0xa, 0x8f, 0x0, 0x84,
    0xcf, 0xde, 0x1, 0xff, 0xd5, 0xe0, 0xf, 0xfe,
    0x4, 0x7b, 0xa0, 0x37, 0xff, 0xd0, 0x13, 0x9b,
    0x0, 0xf9, 0x9f, 0x38, 0x9, 0x90, 0x0, 0x4c,
    0xfe, 0xf0,

    /* U+6309 "按" */
    0x0, 0x54, 0x0, 0x73, 0xc8, 0x7, 0xff, 0x9,
    0x1c, 0x80, 0x3f, 0x93, 0xfe, 0xc1, 0xdf, 0xf9,
    0x27, 0xd5, 0xff, 0x3, 0x77, 0xe0, 0x4, 0x6a,
    0x36, 0xe0, 0x10, 0xf9, 0x91, 0x40, 0x1, 0x21,
    0x11, 0x27, 0x85, 0x0, 0x80, 0x5e, 0x80, 0x12,
    0x68, 0x4, 0xf4, 0x1, 0xe6, 0xc5, 0x1a, 0x8f,
    0xf0, 0xc7, 0xff, 0x57, 0xa9, 0xab, 0xce, 0x93,
    0xee, 0xc4, 0xfb, 0x73, 0x26, 0x0, 0xb, 0x94,
    0x91, 0x4, 0xa4, 0x84, 0x3, 0xda, 0x10, 0x21,
    0xca, 0x20, 0x1f, 0xa3, 0x87, 0xf4, 0xe8, 0x3,
    0xfc, 0x3a, 0x0, 0x19, 0x10, 0xc, 0xc0, 0x3,
    0x8d, 0x88, 0x6f, 0x7, 0x40, 0x4f, 0x9d, 0xa7,
    0xf, 0x6b, 0x0, 0xce, 0x22, 0x23, 0x38, 0xd3,
    0x64, 0xc0, 0x38, 0xf1, 0x0,

    /* U+65B0 "新" */
    0x0, 0x9a, 0x0, 0x3f, 0xf8, 0x48, 0xe2, 0x1,
    0x88, 0xda, 0xb8, 0x53, 0xfd, 0xa1, 0xdf, 0xe0,
    0xfd, 0xd5, 0x1c, 0x2, 0x62, 0x7f, 0xb8, 0xf0,
    0x1, 0xbd, 0x92, 0xc2, 0x6, 0x2a, 0x1a, 0xa6,
    0x0, 0x30, 0xe, 0xcf, 0x5a, 0xf3, 0x6f, 0x70,
    0xf, 0xb3, 0xfd, 0xa1, 0xff, 0x38, 0x77, 0xfe,
    0xc0, 0xf, 0xf6, 0xf3, 0x33, 0xb1, 0x7f, 0xda,
    0x1f, 0xf0, 0x81, 0x8, 0x0, 0x41, 0x7f, 0xda,
    0x1f, 0xf1, 0x0, 0x7e, 0xa8, 0x0, 0x1e, 0xa,
    0xa0, 0x7, 0x98, 0x60, 0x0, 0x6a, 0xd7, 0xa0,
    0x1e, 0x6b, 0x6, 0x0, 0x48, 0x9b, 0x0, 0x7c,
    0x7f, 0x6a, 0x0, 0xcd, 0x0, 0xfc, 0x7d, 0xca,
    0x0, 0x51, 0x80, 0x53, 0x20, 0x0,

    /* U+65E0 "无" */
    0x5, 0xff, 0xff, 0xe0, 0x30, 0x1, 0x33, 0x38,
    0x23, 0x33, 0x9c, 0x0, 0x26, 0x78, 0x81, 0x4c,
    0xf8, 0x40, 0x3e, 0x50, 0x20, 0xf, 0xa3, 0xff,
    0xac, 0x3f, 0xfe, 0x99, 0x66, 0x71, 0x2e, 0x67,
    0xd0, 0x26, 0x78, 0xb, 0xaf, 0xcc, 0xf8, 0x40,
    0x3a, 0x49, 0x0, 0x3f, 0xf8, 0xa, 0xa9, 0x0,
    0xff, 0xe0, 0x1d, 0xba, 0x0, 0x7d, 0xe, 0x0,
    0x4c, 0x78, 0x0, 0x78, 0x7, 0x16, 0x8c, 0xdc,
    0x48, 0x4, 0x24, 0x20, 0x2, 0x4d, 0x45, 0xc7,
    0x0, 0xce, 0x7d, 0xfe, 0xd3, 0x65, 0xc3, 0x0,
    0xe1, 0xde, 0xed, 0xa2,

    /* U+65E5 "日" */
    0x9f, 0xff, 0xf4, 0x81, 0xee, 0xfe, 0x30, 0x8,
    0x8b, 0xf0, 0x7, 0xff, 0x6c, 0xff, 0xff, 0x18,
    0x0, 0xf7, 0x7f, 0x18, 0x4, 0x45, 0xf8, 0x3,
    0xff, 0xb6, 0x7f, 0xff, 0x8c, 0x0, 0x7b, 0xbf,
    0x8c, 0x0,

    /* U+65F6 "时" */
    0x0, 0xff, 0xe0, 0x5c, 0x80, 0xb, 0xff, 0x90,
    0x3, 0xfe, 0xcd, 0xd0, 0x7, 0xff, 0x4, 0x8a,
    0x3, 0xff, 0xe4, 0x6f, 0xc0, 0xf, 0x1e, 0xef,
    0x22, 0xee, 0x80, 0x1d, 0xfe, 0x0, 0x11, 0x70,
    0x19, 0x8, 0x3, 0x37, 0x40, 0x4, 0xb0, 0xf,
    0xe2, 0x28, 0x0, 0xa8, 0xc0, 0x1f, 0xfc, 0x11,
    0x68, 0x0, 0xff, 0xe1, 0x41, 0x10, 0x3, 0xff,
    0x82, 0x38, 0x40, 0x1f, 0x77, 0xf8, 0x3, 0xff,
    0x83, 0x9b, 0xa0, 0xf, 0xb, 0x8, 0x6, 0x22,
    0x80, 0x24, 0xff, 0x71, 0x58, 0x0, 0xbc, 0x40,
    0x1e, 0x80, 0x97, 0x6c, 0xe3, 0x0, 0x0,

    /* U+662D "昭" */
    0xff, 0xd2, 0xbf, 0xff, 0x82, 0xf9, 0x41, 0x7b,
    0x43, 0x3b, 0x94, 0x20, 0xe2, 0x60, 0x1, 0x0,
    0x18, 0x8c, 0x60, 0x1f, 0x21, 0x0, 0x44, 0x20,
    0x1f, 0x55, 0x0, 0x2c, 0x60, 0xcf, 0x60, 0x3,
    0x12, 0xff, 0xc9, 0x21, 0x7c, 0xa0, 0xb3, 0x65,
    0x79, 0xbc, 0x60, 0xe2, 0x61, 0xc1, 0x5f, 0x79,
    0xbf, 0x60, 0x1d, 0x61, 0x7d, 0xda, 0x0, 0x3f,
    0x38, 0x8f, 0x0, 0x7f, 0xf1, 0x33, 0xd8, 0x3,
    0xfe, 0xbe, 0x50, 0xb, 0x3f, 0xf4, 0x87, 0xa0,
    0xd4, 0x80, 0x2f, 0xbb, 0x40, 0x0,

    /* U+667A "智" */
    0x0, 0x43, 0x80, 0x7f, 0xf0, 0x5, 0xe3, 0xfe,
    0xe2, 0xff, 0xed, 0xa, 0xcf, 0x1b, 0xfe, 0x0,
    0x7f, 0xd4, 0x9, 0x86, 0x2, 0xe0, 0x1f, 0xd9,
    0x1f, 0xe0, 0xcf, 0xf5, 0x0, 0x7a, 0x3f, 0xce,
    0x15, 0xfe, 0xa0, 0xff, 0xa8, 0x2, 0x47, 0x99,
    0x61, 0x0, 0x3f, 0xea, 0x0, 0x45, 0xd3, 0x64,
    0xf1, 0x78, 0x4, 0xbb, 0x7, 0x54, 0xff, 0x51,
    0xff, 0xf2, 0x4, 0x5b, 0x87, 0xff, 0xe2, 0x0,
    0xf7, 0xff, 0xe2, 0x0, 0xf7, 0xff, 0xe2, 0x0,
    0xff, 0xe4, 0xff, 0xfe, 0x20, 0xf, 0x7f, 0xfe,
    0x20, 0x0,

    /* U+66F4 "更" */
    0x2f, 0xff, 0xfe, 0x11, 0x13, 0xbb, 0xd0, 0x7d,
    0xde, 0x20, 0x1e, 0xee, 0x83, 0xee, 0xe1, 0x0,
    0xd7, 0xdd, 0x41, 0xf7, 0x56, 0x1, 0xf0, 0x8c,
    0xe, 0x23, 0x0, 0x7d, 0x7f, 0xf4, 0x27, 0xfd,
    0x60, 0x1e, 0xbf, 0xf9, 0xd7, 0xfe, 0xb0, 0xf,
    0xf0, 0x98, 0x7, 0xfa, 0xff, 0xe6, 0x67, 0xfd,
    0x60, 0x1d, 0x69, 0xdd, 0x5, 0xf7, 0x56, 0x1,
    0xc8, 0xf6, 0xc, 0x28, 0x23, 0x27, 0x80, 0x76,
    0x8f, 0xc5, 0x80, 0x7f, 0xf0, 0x4, 0x6a, 0xb8,
    0x53, 0x10, 0xc, 0x73, 0xc3, 0xbd, 0x66, 0x6b,
    0xce, 0xff, 0x43, 0x70, 0xed, 0x90, 0x24, 0x5f,
    0x7f, 0x6e, 0x40,

    /* U+672A "未" */
    0x0, 0xfa, 0x64, 0x1, 0xff, 0xcc, 0xaf, 0xfe,
    0x66, 0x7f, 0xf5, 0x80, 0x2f, 0x77, 0x95, 0x5b,
    0xbd, 0x40, 0x1, 0x22, 0xe3, 0x31, 0x17, 0x8,
    0x7, 0xff, 0x16, 0x3f, 0xfc, 0xcc, 0xff, 0xf4,
    0x4e, 0xef, 0x30, 0x1, 0xf7, 0x7a, 0x44, 0x8b,
    0x21, 0x2a, 0x91, 0x88, 0xb0, 0x80, 0x68, 0xaa,
    0x19, 0xb6, 0x58, 0x3, 0xc5, 0x85, 0x82, 0x0,
    0x1c, 0xaa, 0x8, 0x5, 0x19, 0x54, 0x0, 0xe1,
    0xc3, 0xf8, 0x16, 0x3c, 0x60, 0xf, 0xd3, 0xa8,
    0xed, 0x64, 0x1, 0xfe, 0x3c, 0x60,

    /* U+672C "本" */
    0x0, 0xfa, 0x64, 0x1, 0xff, 0xcb, 0x6f, 0xff,
    0x33, 0x3f, 0xfc, 0xcf, 0xbb, 0xd0, 0x0, 0x9d,
    0xde, 0x71, 0x22, 0xea, 0x44, 0x51, 0x17, 0x8,
    0x7, 0x42, 0x91, 0x15, 0x80, 0x3f, 0x95, 0x50,
    0x0, 0x88, 0x10, 0x7, 0xc5, 0x7c, 0x1, 0xd,
    0xf0, 0x7, 0x8b, 0x24, 0xc0, 0x32, 0xb5, 0x80,
    0x62, 0xc4, 0x70, 0xf, 0x53, 0xd0, 0x0, 0xf1,
    0x68, 0x3, 0xf6, 0xbe, 0xb, 0xad, 0xaf, 0xfc,
    0xcc, 0xff, 0x8b, 0x1, 0x52, 0xc1, 0x7b, 0xa5,
    0x57, 0x74, 0x63, 0x88, 0x1, 0x84, 0x63, 0x30,
    0x8c, 0x1, 0x80,

    /* U+6821 "校" */
    0x0, 0xfe, 0x59, 0x0, 0xf9, 0xac, 0x3, 0x99,
    0x82, 0x1, 0xff, 0xc1, 0x33, 0x10, 0x7, 0xfb,
    0xff, 0x1e, 0x7f, 0xcf, 0x3f, 0x29, 0xf1, 0xdd,
    0xfc, 0xf3, 0xca, 0x9b, 0x2, 0x18, 0x62, 0x54,
    0x22, 0x0, 0xa, 0x22, 0x40, 0x1a, 0xe4, 0x6,
    0x18, 0x1, 0x20, 0xa3, 0x2d, 0xd, 0x0, 0x56,
    0xf8, 0x0, 0xf4, 0x9, 0xf6, 0xa8, 0x0, 0xb3,
    0x9c, 0xcc, 0xb8, 0x9, 0x58, 0x8e, 0x20, 0x66,
    0x7b, 0x39, 0x61, 0x0, 0xc6, 0x69, 0x8, 0x52,
    0x0, 0x64, 0x80, 0x7b, 0xde, 0x12, 0x0, 0x26,
    0x10, 0xf, 0x1a, 0xbb, 0x88, 0x3, 0xfe, 0x95,
    0x53, 0xb8, 0x3, 0xf0, 0xbf, 0x2e, 0x55, 0xd6,
    0xb0, 0x80, 0x75, 0xe5, 0x61, 0x82, 0x6d, 0xd3,
    0x80,

    /* U+6839 "根" */
    0x0, 0x36, 0x0, 0x7f, 0xf1, 0x8f, 0xff, 0xe7,
    0x0, 0xfc, 0x3d, 0xdc, 0x80, 0xa, 0xf9, 0x3f,
    0xf0, 0x0, 0x47, 0xc0, 0xa, 0xf5, 0x3f, 0xf0,
    0xf, 0xff, 0x28, 0x6, 0x50, 0xc, 0x3f, 0xfc,
    0xa0, 0x12, 0x1, 0x58, 0x7, 0xff, 0x3, 0xcc,
    0x9e, 0x80, 0x7f, 0xf9, 0x40, 0x6, 0x94, 0x1a,
    0x2c, 0x3c, 0xcb, 0xdc, 0xf5, 0x9, 0x70, 0x0,
    0xdb, 0x0, 0xda, 0x80, 0x2b, 0x4b, 0x24, 0x3,
    0xe2, 0x6d, 0xf0, 0xd2, 0x61, 0x0, 0xfd, 0x4,
    0x94, 0x40, 0x1f, 0xc7, 0x57, 0xab, 0x0, 0x1f,
    0x90, 0x70, 0xe0, 0xf1, 0xb5, 0x0, 0x3c, 0x49,
    0xb2, 0x40, 0x7e, 0xc0,

    /* U+6881 "梁" */
    0x0, 0x5c, 0x90, 0x7, 0xff, 0x6, 0xfb, 0xc7,
    0x3f, 0xfd, 0x0, 0x2, 0xb2, 0x7d, 0x1c, 0xfa,
    0x3f, 0xf2, 0xf8, 0x80, 0xb6, 0xb0, 0x2, 0x94,
    0xd8, 0x0, 0x35, 0x40, 0x3d, 0x63, 0x4, 0x4b,
    0xf4, 0x0, 0xf6, 0xa8, 0x0, 0x96, 0x93, 0xb0,
    0x75, 0x0, 0x9, 0x41, 0x80, 0xf, 0x5, 0xd6,
    0xd0, 0x80, 0x88, 0xcc, 0x70, 0x4c, 0x78, 0x2c,
    0x1a, 0xdf, 0xd6, 0x20, 0x8, 0xde, 0x3, 0xaa,
    0xc3, 0x37, 0xa4, 0x2, 0x88, 0x3f, 0xf8, 0xe7,
    0xfd, 0xdb, 0xdf, 0xf4, 0xc7, 0xfe, 0x62, 0x34,
    0x1b, 0xff, 0xd2, 0x1, 0x1e, 0x1e, 0x31, 0xec,
    0xc8, 0x40, 0x32, 0x5f, 0x4d, 0x8, 0x0, 0xf4,
    0x7e, 0x90, 0x1a, 0x3b, 0x54, 0x3, 0xd1, 0xfb,
    0x2c, 0xcc, 0x50, 0xf, 0xe1, 0x7d, 0x60,

    /* U+68EE "森" */
    0x0, 0xfa, 0x60, 0x3, 0xff, 0x99, 0xdf, 0xfc,
    0xcf, 0xff, 0xe0, 0x7, 0x7f, 0xda, 0x84, 0x44,
    0xef, 0xfc, 0x1, 0xd1, 0xd0, 0x8b, 0xfa, 0xa0,
    0x1c, 0x73, 0xbf, 0x86, 0x0, 0x4c, 0xc6, 0xb9,
    0x3, 0x7f, 0xb5, 0xc0, 0x3d, 0x38, 0x1e, 0xcc,
    0xc6, 0x4d, 0x0, 0x4c, 0x3, 0x58, 0xbe, 0xb2,
    0x7f, 0xac, 0xbf, 0xcf, 0xfe, 0x94, 0xff, 0x85,
    0x3f, 0xca, 0x5d, 0xef, 0xfe, 0x20, 0xdf, 0xf0,
    0x80, 0x15, 0xb, 0xd0, 0x1, 0x28, 0x88, 0x0,
    0xc5, 0x16, 0x59, 0x6, 0xfd, 0xe1, 0xd4, 0x0,
    0x1f, 0x91, 0x2, 0xc4, 0xc7, 0x0, 0x26, 0xd8,
    0xcc, 0x20, 0x4, 0x9b, 0x60, 0x19, 0xcd, 0xa1,
    0x40, 0x32, 0x50, 0x7, 0xa1, 0xc0,

    /* U+6B21 "次" */
    0x0, 0xfa, 0x9c, 0x3, 0xe1, 0xc2, 0x0, 0x85,
    0x50, 0x3, 0xe1, 0x6c, 0x20, 0x4, 0x86, 0x7f,
    0xf8, 0x1, 0x45, 0xe2, 0x27, 0xae, 0xee, 0x53,
    0x0, 0xb5, 0x82, 0xcd, 0x47, 0x8, 0x41, 0x60,
    0x2, 0x1b, 0x11, 0x78, 0x0, 0x9c, 0x11, 0x20,
    0xd, 0x49, 0x66, 0x6, 0x18, 0xb, 0x60, 0x18,
    0xd4, 0x40, 0x24, 0x25, 0x0, 0xfa, 0xd, 0x40,
    0x2a, 0x80, 0x40, 0xe, 0x44, 0x78, 0x4, 0xc0,
    0xb1, 0x20, 0x1d, 0x8, 0x60, 0x3, 0x9e, 0x5,
    0x1a, 0x0, 0x98, 0xe0, 0x0, 0x99, 0x26, 0x0,
    0xd4, 0x90, 0x1, 0xa9, 0x8c, 0xdd, 0x30, 0x4,
    0x38, 0xfa, 0x6b, 0x40, 0x85, 0xaa, 0x1, 0xc5,
    0xec, 0xc0,

    /* U+6B64 "此" */
    0x0, 0xc5, 0xe4, 0x0, 0x9b, 0x0, 0xff, 0xeb,
    0x1e, 0x10, 0x36, 0x80, 0x7f, 0x36, 0x59, 0x0,
    0x7b, 0x7f, 0xc0, 0xf7, 0x16, 0xe0, 0x1f, 0x5e,
    0xe8, 0xc, 0x3d, 0x0, 0x3f, 0x31, 0x10, 0x12,
    0xc4, 0x3, 0xff, 0xcb, 0xe, 0x1, 0xff, 0xc2,
    0x2d, 0x0, 0xc2, 0x17, 0x70, 0x7, 0x31, 0x26,
    0x17, 0x60, 0x29, 0xf8, 0xb0, 0x0, 0x8f, 0x71,
    0xda, 0x37, 0xf2, 0x12, 0xcb, 0xfd, 0xa4, 0xb1,
    0xb2, 0xc4, 0x1, 0x8f, 0xf7, 0x37, 0x40,

    /* U+6B65 "步" */
    0x0, 0xf9, 0x3c, 0x3, 0xfd, 0xcc, 0x1, 0xff,
    0xc8, 0xff, 0xe5, 0x0, 0xff, 0x6e, 0xf2, 0x80,
    0x7f, 0x88, 0xb8, 0x1, 0x1f, 0xe1, 0x9f, 0xf5,
    0x87, 0xff, 0xa6, 0x5b, 0xbf, 0xfc, 0x28, 0x12,
    0x2f, 0x27, 0x91, 0x78, 0x40, 0x22, 0xc2, 0x0,
    0xf0, 0xe1, 0x0, 0x45, 0x88, 0x40, 0x1c, 0x58,
    0xe4, 0x0, 0x5c, 0x88, 0x0, 0x73, 0x6a, 0x58,
    0x0, 0x67, 0x58, 0x2, 0x69, 0xc8, 0xa9, 0x0,
    0x87, 0xc, 0x0, 0x4f, 0xb6, 0x9e, 0xa0, 0x18,
    0x51, 0xeb, 0xb6, 0xed, 0xf0, 0x20, 0x1c, 0xb5,
    0x67, 0x7d, 0x8c, 0x1, 0xf8,

    /* U+6BCF "每" */
    0x0, 0x9f, 0x40, 0x3f, 0xf8, 0x25, 0x5, 0xff,
    0xfe, 0x60, 0x1f, 0x8d, 0xdf, 0xf9, 0x87, 0x11,
    0xc8, 0xbf, 0xe0, 0x74, 0x9c, 0xff, 0xfe, 0x90,
    0x3, 0x48, 0x1d, 0x75, 0x2f, 0x76, 0x40, 0xe,
    0x20, 0x71, 0x57, 0x51, 0x18, 0x4, 0x3, 0x30,
    0x10, 0x2, 0x24, 0x2, 0x70, 0xa, 0xfe, 0xc3,
    0xfe, 0xa2, 0xff, 0x8d, 0xff, 0x2b, 0x51, 0x77,
    0x50, 0xdb, 0xb8, 0xa3, 0x74, 0x24, 0xda, 0x44,
    0x67, 0x2, 0x28, 0xc8, 0x82, 0x0, 0x23, 0x0,
    0xc, 0x48, 0x4, 0x20, 0x18, 0x42, 0xff, 0xe9,
    0x4f, 0xf8, 0x2b, 0xcc, 0x7, 0xbb, 0xfa, 0x3,
    0x78, 0xc0, 0x2, 0x3e, 0xfe, 0xe4, 0x39, 0x8,
    0x7, 0xf6, 0xe6, 0xfc, 0x0, 0x40,

    /* U+6DA6 "润" */
    0x7, 0x10, 0x1, 0xd8, 0xa7, 0xff, 0x8c, 0x33,
    0xcc, 0xc, 0x69, 0x3b, 0xb8, 0x2, 0xb4, 0xc4,
    0x8a, 0xb0, 0x11, 0xe0, 0xd, 0x56, 0x2c, 0x1,
    0xfe, 0x24, 0x4, 0x0, 0x27, 0xff, 0x88, 0x0,
    0xf7, 0x22, 0x0, 0x4f, 0xf2, 0xbf, 0xf8, 0x80,
    0xb, 0xaa, 0x80, 0x1f, 0xfc, 0x12, 0xc5, 0x0,
    0xbf, 0xca, 0xff, 0xe0, 0xe, 0x30, 0xd, 0xfe,
    0x57, 0xff, 0x0, 0x76, 0x30, 0x7, 0xff, 0x4,
    0xc1, 0x0, 0x3f, 0xf8, 0x28, 0x24, 0x0, 0x7f,
    0xf2, 0xbf, 0xf9, 0x80, 0x2b, 0x70, 0x9, 0xff,
    0xfc, 0xc0, 0x1, 0x3c, 0x0, 0xfc, 0x44, 0x50,
    0x13, 0x44, 0x0, 0x7e, 0xfd, 0xa5, 0x20,

    /* U+6DB5 "涵" */
    0xb, 0x60, 0x7, 0xff, 0xf1, 0x0, 0x3a, 0x28,
    0x3b, 0xbd, 0x42, 0x44, 0x0, 0x2f, 0xf8, 0x4,
    0x7a, 0x29, 0xb4, 0x3, 0xa, 0x80, 0xc, 0x1,
    0x89, 0x94, 0x8, 0x6, 0xa0, 0x4, 0x2e, 0x60,
    0x29, 0x2c, 0x6b, 0x17, 0xaa, 0xf, 0xac, 0xc8,
    0x40, 0x1a, 0x8e, 0x0, 0x4d, 0x74, 0x0, 0x23,
    0x98, 0x1, 0x68, 0x3, 0x16, 0xa8, 0x5, 0x0,
    0x14, 0x0, 0x7f, 0xd7, 0x1, 0xbe, 0x40, 0x1d,
    0x86, 0x0, 0xb6, 0xa0, 0xd7, 0xc5, 0x0, 0x84,
    0xc4, 0x3c, 0x30, 0x0, 0xf2, 0xe6, 0x1, 0x20,
    0x90, 0x7d, 0x12, 0x8, 0x82, 0x58, 0x2, 0xf4,
    0x0, 0x8f, 0x2d, 0x48, 0x3, 0xc9, 0x80, 0x11,
    0x7f, 0xa8, 0x3, 0xc2, 0x68, 0x0, 0x8f, 0xff,
    0xb8, 0x0,

    /* U+6F47 "潇" */
    0x1c, 0x10, 0xd, 0xe0, 0x14, 0x40, 0x2, 0x14,
    0xc1, 0xee, 0x83, 0xba, 0x77, 0x77, 0x24, 0x21,
    0xd3, 0xba, 0xe, 0x3d, 0x77, 0x77, 0x24, 0x1,
    0x4a, 0x1, 0x78, 0x5, 0x10, 0x0, 0xa5, 0xc0,
    0x3, 0xdd, 0x8b, 0x7b, 0x9e, 0xa1, 0x75, 0x20,
    0x3d, 0xd8, 0xb7, 0xb8, 0x60, 0x2, 0xc5, 0x2e,
    0xee, 0x2d, 0xee, 0x1d, 0xd0, 0xe, 0x17, 0x77,
    0x16, 0xf7, 0xe, 0xe8, 0xa, 0xc0, 0xbb, 0xb1,
    0x6f, 0x70, 0xc0, 0x24, 0x60, 0x2e, 0xec, 0x5b,
    0xdc, 0xf5, 0x0, 0x62, 0x2, 0x60, 0x61, 0x3,
    0xe0, 0x4b, 0x80, 0x13, 0x0, 0xd9, 0x80, 0x40,
    0xef, 0x0, 0x46, 0x28, 0x51, 0xdb, 0x0, 0x14,
    0x58, 0x4, 0xe6, 0x37, 0x9, 0x68, 0x1, 0x1e,
    0x0, 0x40,

    /* U+71A0 "熠" */
    0x0, 0x4c, 0x6, 0x7f, 0xdb, 0x3f, 0xf6, 0x80,
    0x76, 0x7f, 0xac, 0x27, 0xfd, 0x80, 0x1b, 0xc0,
    0x18, 0x40, 0x2, 0xc1, 0x0, 0x49, 0x80, 0x25,
    0x22, 0x0, 0x2, 0xa8, 0x70, 0x14, 0x30, 0x46,
    0x4d, 0xa0, 0x21, 0x5a, 0xc, 0xd0, 0xf3, 0x1c,
    0xea, 0xa, 0xdf, 0xd0, 0x54, 0x12, 0x4b, 0x89,
    0x0, 0x45, 0x18, 0x0, 0x49, 0xbe, 0xa1, 0x1,
    0x84, 0x2, 0x3d, 0xc, 0x33, 0x0, 0x33, 0xf4,
    0xff, 0xf2, 0x80, 0x8a, 0x4, 0x1, 0x7f, 0xfc,
    0x60, 0x4, 0x0, 0x40, 0x2, 0xff, 0xf8, 0xc0,
    0x1c, 0xd6, 0xc6, 0x17, 0xff, 0xc6, 0x6, 0x96,
    0xaa, 0x60, 0xbf, 0xfe, 0x30, 0x49, 0x20, 0xa5,
    0xb, 0xff, 0xe3, 0x0,

    /* U+7248 "版" */
    0xa, 0x70, 0xf2, 0x0, 0x8, 0x8d, 0x5e, 0xb8,
    0xc0, 0x3e, 0xde, 0xe6, 0xce, 0xea, 0xc8, 0x3,
    0xf5, 0xff, 0x65, 0x3a, 0x88, 0x7, 0xff, 0x5a,
    0x3c, 0x35, 0xc2, 0xff, 0xfb, 0x40, 0x28, 0xff,
    0x9c, 0x2c, 0x73, 0xfd, 0xc, 0x1, 0xfe, 0x55,
    0x0, 0x34, 0xc0, 0x28, 0xff, 0x20, 0x5, 0x98,
    0x0, 0x2d, 0x0, 0x6, 0x7c, 0x80, 0x6, 0xea,
    0xa1, 0x63, 0x20, 0x3, 0x98, 0x6, 0x12, 0x22,
    0x44, 0x40, 0x11, 0x30, 0x4, 0x82, 0x20, 0x96,
    0x54, 0x0, 0x10, 0x98, 0x5, 0xae, 0x3, 0x26,
    0x8c, 0x0, 0xa4, 0x0, 0x89, 0xa9, 0xbc, 0xf2,
    0xe6, 0x87, 0xb8, 0x1, 0xb, 0xba, 0xb6, 0x1,
    0x38, 0x5c,

    /* U+738B "王" */
    0xa, 0xff, 0xff, 0xe0, 0x50, 0x2, 0x2e, 0xf8,
    0xcd, 0x77, 0xd0, 0x0, 0x24, 0x4e, 0x76, 0x44,
    0xe2, 0x0, 0xff, 0xf3, 0xff, 0xf2, 0x2f, 0xff,
    0x10, 0x5, 0x77, 0xc6, 0x6b, 0xbe, 0x20, 0x9,
    0x13, 0x9d, 0x91, 0x38, 0x3, 0xff, 0xcc, 0xff,
    0xfe, 0x45, 0xff, 0xf3, 0xb5, 0xdf, 0xff, 0x9,
    0x80,

    /* U+73F9 "珹" */
    0xbf, 0xfc, 0x80, 0x18, 0xf5, 0x2c, 0x82, 0xf8,
    0xeb, 0x90, 0x3, 0xc9, 0xca, 0x0, 0x10, 0x0,
    0x9f, 0xfe, 0xc2, 0xfa, 0x89, 0x0, 0xf1, 0x77,
    0x58, 0x3d, 0xd4, 0x80, 0x7c, 0x23, 0x10, 0x8e,
    0x0, 0xff, 0x84, 0x2, 0x50, 0x9f, 0x3a, 0xf7,
    0x2f, 0xf7, 0x0, 0x4, 0x54, 0x33, 0xc7, 0x5c,
    0xe5, 0xf8, 0x60, 0x26, 0xca, 0x20, 0x20, 0x1,
    0x71, 0x1, 0x0, 0x1b, 0x4c, 0x80, 0x3c, 0x2e,
    0x2, 0x0, 0x68, 0x53, 0x0, 0xc5, 0x1c, 0x60,
    0x1, 0x3, 0x34, 0x80, 0x1b, 0xe, 0xfd, 0x74,
    0x11, 0xc0, 0xcc, 0x49, 0x25, 0x3d, 0x88, 0x22,
    0xf8, 0xeb, 0x63, 0x11, 0x2a, 0x28, 0x87, 0xba,
    0x76, 0xc3, 0xe2, 0xc6, 0xa8, 0x6, 0x68, 0x1,
    0x3a, 0xc1, 0xa3, 0x6a,

    /* U+7528 "用" */
    0x0, 0x77, 0xff, 0xfd, 0xa0, 0x14, 0xee, 0xd2,
    0x1b, 0xb9, 0xc0, 0x31, 0x91, 0x60, 0x22, 0xde,
    0x1, 0xff, 0xc7, 0xaf, 0xfa, 0xc3, 0xff, 0x40,
    0x6, 0x9d, 0xda, 0x83, 0x77, 0x38, 0x4, 0x24,
    0x58, 0x40, 0x8b, 0x78, 0x7, 0xff, 0x1e, 0xff,
    0xeb, 0xf, 0xfd, 0x0, 0x2, 0xc, 0xdd, 0xa8,
    0x37, 0x73, 0x80, 0x10, 0x4c, 0x8a, 0x10, 0x22,
    0xde, 0x0, 0xd4, 0x0, 0xff, 0x70, 0xa2, 0x24,
    0x3, 0xe8, 0xff, 0x32, 0x3, 0x18, 0x6, 0x5c,
    0x9, 0xbb, 0x6c, 0x0,

    /* U+753B "画" */
    0x8f, 0xff, 0xfe, 0x14, 0x43, 0xbb, 0xff, 0x85,
    0x0, 0x23, 0xff, 0xc2, 0x0, 0x5c, 0x6, 0xff,
    0xfb, 0x2, 0x28, 0x3, 0xd5, 0xec, 0xcf, 0x90,
    0xf, 0xfe, 0x19, 0x80, 0x7f, 0xab, 0xd9, 0x9f,
    0x40, 0x1f, 0xea, 0xf6, 0x67, 0xc8, 0x7, 0xff,
    0xc, 0xc0, 0x3f, 0xd5, 0xec, 0xcf, 0xa0, 0xf,
    0xf5, 0x7f, 0xe9, 0x0, 0xfe, 0xd5, 0x0, 0xcd,
    0x80, 0x1e, 0x7f, 0xff, 0xf3, 0x80, 0x57, 0xdd,
    0xff, 0x38, 0x0,

    /* U+767B "登" */
    0x0, 0xfd, 0x2c, 0x0, 0xa6, 0x0, 0xbf, 0xfc,
    0x9f, 0x47, 0xa0, 0xc0, 0x17, 0xf7, 0x4e, 0x2a,
    0xc5, 0x97, 0x47, 0x82, 0x2c, 0x31, 0x27, 0xd1,
    0x8, 0x26, 0x5c, 0xb1, 0x15, 0xe2, 0xed, 0x18,
    0x1, 0x9f, 0x6a, 0x8e, 0x0, 0x77, 0x55, 0xcf,
    0xfe, 0x36, 0x34, 0x0, 0xd, 0x26, 0x2e, 0x7f,
    0xe9, 0xb5, 0xf8, 0x28, 0x2e, 0xcf, 0xff, 0xcd,
    0x46, 0xb3, 0x0, 0xf, 0xff, 0xb8, 0x16, 0xdc,
    0x3, 0xff, 0x91, 0xff, 0xf7, 0x0, 0x78, 0xfd,
    0x33, 0xff, 0x4b, 0x78, 0x80, 0x7b, 0x34, 0x80,
    0x7, 0x3e, 0x1, 0xc2, 0x33, 0x2a, 0x8, 0xa9,
    0x1c, 0x46, 0xa, 0xee, 0xc9, 0x3d, 0xc6, 0x4e,
    0xed, 0x40,

    /* U+7684 "的" */
    0x0, 0xb1, 0x80, 0x34, 0x50, 0x7, 0xc8, 0x6e,
    0x1, 0x9b, 0xc0, 0x38, 0x7e, 0xc3, 0xbf, 0x81,
    0x6, 0xbf, 0xf1, 0x0, 0x2f, 0x75, 0x0, 0x8,
    0x7d, 0xda, 0x80, 0xc0, 0xc, 0x45, 0x2, 0x1c,
    0x91, 0x4c, 0x1, 0xfd, 0x8b, 0x40, 0x1f, 0xfc,
    0x18, 0xb5, 0x80, 0x3, 0x80, 0x80, 0x37, 0xfd,
    0x40, 0x1, 0xb7, 0x30, 0xf, 0x66, 0xea, 0x40,
    0x25, 0x3f, 0x0, 0xf0, 0x91, 0xc, 0x3, 0x7b,
    0x80, 0x80, 0x7f, 0xf0, 0xe, 0xc0, 0xc4, 0x3,
    0xff, 0x84, 0x26, 0x1, 0x6f, 0xfa, 0x80, 0x24,
    0x20, 0x1b, 0x60, 0xa, 0xf7, 0x50, 0x1, 0x7e,
    0xff, 0x1c, 0x0, 0xfa, 0x11, 0x1f, 0x80, 0x17,
    0xb9, 0x8f, 0x30,

    /* U+7801 "码" */
    0x5f, 0xfe, 0x7e, 0xff, 0xf0, 0x82, 0xed, 0x86,
    0x6b, 0x7e, 0xee, 0xb0, 0x10, 0x1, 0x19, 0xc4,
    0x27, 0xa4, 0x50, 0x8, 0x6, 0xab, 0x0, 0x98,
    0x40, 0x22, 0x20, 0x4, 0x84, 0xc0, 0x10, 0x90,
    0x4, 0x2c, 0x1, 0x40, 0x77, 0xf0, 0x13, 0x80,
    0x5c, 0x60, 0x5, 0x32, 0xec, 0x0, 0x7a, 0x7f,
    0xcc, 0xcf, 0x2d, 0x60, 0x10, 0xa, 0x77, 0x7b,
    0x0, 0xe3, 0x40, 0x38, 0x48, 0xb8, 0x40, 0x40,
    0x3c, 0xff, 0xfe, 0x70, 0xf, 0xcf, 0xbb, 0xe1,
    0x0, 0xc5, 0xf8, 0x0, 0x22, 0xf6, 0x90, 0x4,
    0x5f, 0x80, 0x1d, 0x9f, 0xe6, 0x80, 0x2, 0x68,
    0x1f, 0x0, 0x6d, 0xd6, 0x72, 0x80,

    /* U+786E "确" */
    0x0, 0xfd, 0x6c, 0x1, 0xe6, 0xff, 0xe2, 0x64,
    0x9f, 0xfa, 0x40, 0xd, 0xce, 0xbd, 0xc1, 0x8d,
    0xff, 0x68, 0x68, 0x4, 0x29, 0xe2, 0x5a, 0xc4,
    0x0, 0x96, 0x40, 0x8, 0x4d, 0x41, 0x19, 0xff,
    0xe4, 0x6f, 0xf1, 0x3, 0x7, 0xfd, 0x21, 0xdc,
    0x57, 0xee, 0x0, 0x52, 0x3e, 0xe0, 0x10, 0x88,
    0x3c, 0x44, 0x0, 0x70, 0xf, 0xbf, 0xcb, 0x1f,
    0xe0, 0x6, 0xd8, 0x6, 0x30, 0xff, 0x2c, 0x7f,
    0x80, 0x14, 0xe0, 0x18, 0x40, 0x3f, 0xf8, 0x6a,
    0x1f, 0xe5, 0x8f, 0xf0, 0x6, 0x1f, 0x70, 0xa6,
    0xff, 0x2c, 0x7f, 0x80, 0x30, 0xff, 0xb0, 0xe8,
    0x3, 0x84, 0x2, 0x2e, 0x0, 0x1c, 0x18, 0x6,
    0xde, 0x22, 0x0, 0x73, 0xb8, 0x2, 0xa7, 0xde,
    0xd0,

    /* U+793A "示" */
    0x5, 0xff, 0xff, 0xe0, 0x28, 0x1, 0x77, 0x7f,
    0xf8, 0xa, 0x1, 0x11, 0x7f, 0xf0, 0x0, 0x3f,
    0xf8, 0xd9, 0xff, 0xff, 0xc2, 0xce, 0xdd, 0xf4,
    0x86, 0x6e, 0xf7, 0x11, 0x56, 0xa4, 0x50, 0x19,
    0x5a, 0x11, 0x40, 0x3, 0x62, 0x0, 0xf7, 0xc9,
    0x0, 0x6f, 0x45, 0x0, 0xf3, 0x27, 0x80, 0x4e,
    0x74, 0x1, 0xfa, 0x8e, 0x40, 0xa2, 0x44, 0x3,
    0xf0, 0xdb, 0x23, 0xab, 0x0, 0x63, 0x0, 0xe5,
    0x51, 0x2d, 0x0, 0x27, 0xfd, 0x8, 0x1, 0xd4,
    0xc0, 0x1a, 0xea, 0x97, 0x60, 0xf, 0x80,

    /* U+79BB "离" */
    0x0, 0xf1, 0x61, 0x0, 0x7f, 0xf0, 0x48, 0x96,
    0x1, 0xf4, 0x7f, 0xf8, 0x5b, 0xff, 0xd1, 0xe,
    0xe9, 0x1f, 0xbb, 0x33, 0xf7, 0x50, 0x3, 0xc5,
    0xe7, 0xec, 0x98, 0xb4, 0x5e, 0x20, 0x1c, 0x90,
    0xb1, 0x47, 0x24, 0x1, 0xfb, 0x27, 0x7b, 0xeb,
    0xe8, 0x3, 0xf6, 0x53, 0x8, 0x25, 0x50, 0x3,
    0xec, 0xff, 0xfd, 0x80, 0x1d, 0xff, 0xb8, 0x6f,
    0xff, 0x70, 0x5, 0x1f, 0xfb, 0x86, 0xff, 0xfa,
    0x0, 0x25, 0xff, 0x50, 0xf7, 0x9f, 0x7f, 0x94,
    0x3, 0xcb, 0x56, 0x22, 0x6a, 0x0, 0xfe, 0xd0,
    0xaf, 0xf3, 0xab, 0x0, 0x7e, 0x8f, 0xfb, 0xb7,
    0xf0, 0x1b, 0xc0, 0x3f, 0xe1, 0x7f, 0x34, 0x0,
    0x45, 0x0, 0x7e, 0xcd, 0xf3, 0x0,

    /* U+79EF "积" */
    0x2, 0x47, 0xae, 0x10, 0xf, 0xe8, 0xda, 0x82,
    0xb1, 0xff, 0xfc, 0x11, 0xfa, 0x10, 0xa0, 0xb,
    0xee, 0xd6, 0x1, 0xfe, 0x71, 0x1c, 0x1, 0x5f,
    0xe0, 0x7f, 0x90, 0x3, 0xfa, 0xb9, 0x83, 0x79,
    0x0, 0x3f, 0x84, 0x46, 0x18, 0x1, 0xff, 0xc0,
    0x7c, 0x7, 0xb0, 0x6, 0x7f, 0xeb, 0x0, 0xd,
    0xa8, 0x42, 0x98, 0x5f, 0x76, 0xb0, 0x4, 0x50,
    0x0, 0x5d, 0xde, 0x82, 0x39, 0x3c, 0x3d, 0x80,
    0x28, 0x40, 0xb5, 0x0, 0x53, 0x0, 0x18, 0x3,
    0xd6, 0xc8, 0x0, 0xf9, 0x50, 0xf, 0xe, 0x36,
    0x8, 0x1, 0x62, 0x90, 0x3, 0x89, 0xf0, 0x40,
    0x33, 0xb1, 0x80,

    /* U+7B7E "签" */
    0x0, 0xf, 0x10, 0x6, 0x4e, 0x10, 0xf, 0x58,
    0xef, 0xfc, 0xf4, 0x3d, 0xff, 0x50, 0x2b, 0xff,
    0xf0, 0x3f, 0xff, 0x52, 0x57, 0x1d, 0x88, 0xb6,
    0x20, 0x18, 0xc0, 0x11, 0xc9, 0x98, 0x67, 0xdd,
    0xb0, 0x7e, 0x88, 0x0, 0xec, 0x0, 0xc7, 0x6a,
    0x94, 0xf7, 0xc2, 0x0, 0xc7, 0x93, 0x50, 0x0,
    0x98, 0xba, 0x20, 0x1, 0xde, 0x32, 0x57, 0xfe,
    0x93, 0x1d, 0xb4, 0x50, 0xca, 0xbe, 0xef, 0x65,
    0xd9, 0xc1, 0xac, 0xc0, 0x2, 0x3e, 0x0, 0x26,
    0x20, 0x7, 0xda, 0x60, 0x2, 0xd2, 0x0, 0xc7,
    0x82, 0x0, 0xb8, 0x0, 0x72, 0x90, 0x4, 0x24,
    0x9a, 0x22, 0x7a, 0x1a, 0x79, 0x11, 0x1, 0x77,
    0x1c, 0xfb, 0xb9, 0x53, 0xba, 0x30,

    /* U+7EBF "线" */
    0x0, 0xb4, 0xc0, 0x26, 0xd0, 0x5b, 0x90, 0xc,
    0xe0, 0x60, 0x11, 0x98, 0x16, 0xe4, 0x2, 0x18,
    0x97, 0x71, 0xa6, 0x8c, 0xd6, 0x6f, 0x98, 0x42,
    0xa4, 0x8e, 0x4a, 0x80, 0x36, 0xa7, 0xd, 0x1e,
    0xd1, 0xd, 0xfb, 0xe1, 0x2e, 0xc8, 0x61, 0xa3,
    0xd7, 0x60, 0x8, 0xc0, 0x40, 0x3a, 0x3a, 0xa4,
    0x40, 0xd1, 0xc2, 0xeb, 0x37, 0xa4, 0x45, 0x8c,
    0x2d, 0x95, 0x60, 0x3b, 0x53, 0xb0, 0xe, 0x9d,
    0xc1, 0xfe, 0xd4, 0xc7, 0x64, 0x31, 0x38, 0x22,
    0x53, 0x80, 0x47, 0x80, 0x38, 0xc0, 0xe9, 0x98,
    0x52, 0x0, 0xb1, 0x23, 0x9d, 0xc0, 0xdb, 0x59,
    0xfc, 0x1, 0x8, 0x35, 0x5b, 0x45, 0x58, 0x56,
    0x61, 0x27, 0xad, 0x4, 0x89, 0x61, 0x1b, 0x2c,
    0x75, 0x3, 0xbd, 0x77, 0x68, 0x48,

    /* U+7ECD "绍" */
    0x0, 0x1e, 0x80, 0x7f, 0xf0, 0x65, 0xc0, 0x13,
    0xff, 0xf6, 0x81, 0x2c, 0x0, 0x27, 0xb8, 0x17,
    0xdc, 0x90, 0x4, 0x31, 0x35, 0x0, 0x98, 0x28,
    0x88, 0x5, 0x11, 0x3, 0x1e, 0x0, 0xa3, 0x10,
    0x0, 0xbe, 0x8f, 0x71, 0x14, 0xd, 0xe0, 0x2,
    0xc2, 0x8d, 0xb1, 0xb0, 0x5d, 0x94, 0x6f, 0xf2,
    0x50, 0x94, 0x68, 0xa4, 0xd3, 0x3, 0x6e, 0xbc,
    0xc1, 0x82, 0x7b, 0x3e, 0xff, 0xed, 0xd7, 0xd0,
    0xc1, 0x8d, 0xc0, 0x3, 0xbb, 0x98, 0x0, 0xbb,
    0x6a, 0x20, 0x1, 0x1f, 0x1, 0xe4, 0x6f, 0xc0,
    0x7, 0xf3, 0xd9, 0x46, 0xc8, 0x3, 0xff, 0x9c,
    0x17, 0x21, 0x48, 0x2, 0xee, 0xe6, 0x0,

    /* U+7ED9 "给" */
    0x0, 0xe, 0x90, 0x6, 0x8f, 0x0, 0xfa, 0x44,
    0x80, 0x24, 0x72, 0x90, 0xe, 0x17, 0xf0, 0x8,
    0xaa, 0x3d, 0xdc, 0x1, 0xad, 0xce, 0x98, 0xb1,
    0xdc, 0x5b, 0x2e, 0x0, 0x47, 0x84, 0x5e, 0xd7,
    0x90, 0x1, 0xe5, 0x50, 0x78, 0xbe, 0xd8, 0x99,
    0x9f, 0xfb, 0x44, 0x1a, 0xbd, 0xc6, 0x6a, 0x7b,
    0xbd, 0x94, 0xe0, 0x6f, 0x40, 0x10, 0x8f, 0x80,
    0x21, 0xd5, 0x40, 0x5, 0x7f, 0xfc, 0x80, 0x82,
    0xfb, 0xc8, 0xd, 0xdd, 0xc0, 0x12, 0xfe, 0xeb,
    0x90, 0x4, 0x7c, 0x1, 0xf8, 0x40, 0x3f, 0xc4,
    0xd3, 0xbe, 0xc0, 0x1f, 0xe5, 0xa1, 0x9e, 0x70,
    0x7f, 0xfe, 0x0, 0x9f, 0x21, 0x4, 0x0, 0xdd,
    0xdc, 0x1, 0x0,

    /* U+7EDC "络" */
    0x0, 0x26, 0x0, 0x6b, 0x40, 0xf, 0xd3, 0x60,
    0x12, 0xa5, 0xff, 0xe9, 0x0, 0x30, 0xbb, 0x58,
    0xc1, 0x77, 0x56, 0x1a, 0x5, 0x1c, 0x31, 0xb7,
    0x4f, 0x62, 0x54, 0xe8, 0xa, 0x3b, 0xc4, 0x82,
    0xf6, 0xf7, 0x93, 0x0, 0x7, 0xfb, 0xe, 0x2b,
    0x3, 0x64, 0x0, 0x8, 0x4, 0x35, 0x24, 0x9,
    0x5a, 0x5d, 0x53, 0xd6, 0xa3, 0x8a, 0xc4, 0xd3,
    0xbd, 0x22, 0xbd, 0x40, 0x64, 0x45, 0xef, 0x5e,
    0x8e, 0xff, 0xd4, 0x6c, 0x7f, 0xdc, 0xd1, 0x0,
    0x6e, 0xf2, 0x0, 0x9, 0xeb, 0x7f, 0x80, 0x4,
    0x5c, 0x20, 0x4, 0xa0, 0xbc, 0xc0, 0x7, 0xf9,
    0xb6, 0x98, 0xc0, 0x2f, 0xfe, 0x50, 0xf, 0xf6,
    0xef, 0x20, 0x0,

    /* U+7EF4 "维" */
    0x0, 0x35, 0x80, 0x43, 0xa4, 0xd2, 0x1, 0xeb,
    0x30, 0xa, 0x40, 0x91, 0x90, 0x3, 0x21, 0xc0,
    0x0, 0x5e, 0x0, 0x9c, 0x80, 0x34, 0xc0, 0x62,
    0x48, 0x57, 0xf9, 0xe7, 0xfc, 0xec, 0xc, 0xe4,
    0xee, 0x4e, 0xe6, 0x7, 0x74, 0xf8, 0x5f, 0x17,
    0xe2, 0x2, 0x30, 0x8, 0xc1, 0x5e, 0xe8, 0x87,
    0x64, 0xff, 0x68, 0x7f, 0xca, 0x2, 0xd2, 0x36,
    0x9, 0xdc, 0xc0, 0xee, 0x94, 0x22, 0x4, 0x40,
    0x8, 0x46, 0x1, 0x18, 0x11, 0xa3, 0xf4, 0x81,
    0x3f, 0xda, 0x1f, 0xf2, 0x91, 0xce, 0x79, 0x2,
    0x77, 0x30, 0x3b, 0xa5, 0x6c, 0x73, 0x1, 0x0,
    0x8, 0xc0, 0x23, 0x1, 0x34, 0xe7, 0xd8, 0x7,
    0xfa, 0xac, 0x2b, 0x28, 0x13, 0xfd, 0xa1, 0xff,
    0x54, 0x6c, 0xb1, 0x80, 0x13, 0xbb, 0xea,

    /* U+7F13 "缓" */
    0x0, 0x2d, 0x80, 0x4, 0x8d, 0x1a, 0x2b, 0x38,
    0x40, 0x12, 0x60, 0x9d, 0xba, 0x8d, 0x1d, 0x9d,
    0x10, 0x33, 0x48, 0x24, 0x4f, 0x49, 0xcb, 0xf0,
    0x5, 0x10, 0x19, 0x63, 0xb0, 0x66, 0x2, 0xa1,
    0x2, 0x2b, 0x9b, 0x22, 0x4, 0x46, 0x61, 0x98,
    0x10, 0xd1, 0xfc, 0x76, 0xf3, 0xef, 0x2e, 0x38,
    0xf5, 0x9f, 0x82, 0x84, 0xf7, 0x6f, 0xff, 0x28,
    0x1c, 0x48, 0x4f, 0xbb, 0x7f, 0xfa, 0x47, 0x59,
    0xa, 0x7c, 0xef, 0xff, 0xd2, 0x42, 0x9d, 0x84,
    0x7, 0x7f, 0xfc, 0x40, 0x7f, 0xbd, 0xe4, 0xa8,
    0x5d, 0xfe, 0x74, 0x20, 0x26, 0xae, 0xe0, 0xcc,
    0x5d, 0x3, 0xb5, 0x0, 0x1e, 0x8a, 0xbd, 0x1c,
    0xd8, 0x7a, 0x70, 0x40, 0xb, 0x90, 0x83, 0x72,
    0x94, 0x8e, 0x1c, 0xc6, 0x1, 0xc9, 0x13, 0xf9,
    0xf3, 0xd5, 0xb9, 0x0, 0x19, 0x5a, 0xec, 0xc2,
    0x0, 0x6b, 0xf8,

    /* U+7F16 "编" */
    0x0, 0x2d, 0x80, 0x74, 0xb8, 0x7, 0xdc, 0x40,
    0x1c, 0x32, 0x1, 0xe2, 0x4b, 0xb, 0xff, 0x9c,
    0x7f, 0xee, 0x0, 0x52, 0x10, 0x2, 0x7f, 0xfd,
    0xa0, 0x1, 0x7f, 0x4a, 0x0, 0xff, 0xa4, 0xd3,
    0xf0, 0x27, 0xff, 0xda, 0x0, 0x23, 0xf7, 0x60,
    0x9f, 0xff, 0xb8, 0x2b, 0x8b, 0xc0, 0x3, 0xff,
    0xf8, 0x87, 0x54, 0xc1, 0xc0, 0xbd, 0x32, 0x9b,
    0xc4, 0x1c, 0xd7, 0xa8, 0x48, 0x3, 0xf9, 0xbf,
    0x7a, 0xc9, 0x8b, 0xd3, 0x29, 0xbc, 0x40, 0x39,
    0x8, 0x4b, 0xd3, 0x29, 0xbc, 0x40, 0xde, 0xfa,
    0x94, 0x3, 0xfd, 0x5b, 0xd4, 0x14, 0x1, 0xf8,
    0x4e, 0x69, 0x4a, 0x48, 0x2, 0xb3, 0x51, 0xf2,
    0x10, 0x9, 0x98, 0x5, 0xa0, 0x1a, 0x3f, 0x40,

    /* U+7F51 "网" */
    0xaf, 0xff, 0xfe, 0x5, 0x3, 0x6e, 0xff, 0x98,
    0x2, 0xe2, 0x2f, 0x9a, 0x44, 0x0, 0x2f, 0x1,
    0x10, 0xc2, 0xe, 0x30, 0xd, 0x2e, 0xaf, 0x49,
    0x22, 0xb2, 0x1, 0x89, 0xa9, 0x8a, 0x16, 0x94,
    0x40, 0x3b, 0x43, 0x40, 0x10, 0x92, 0x1, 0xee,
    0x29, 0x0, 0x78, 0x20, 0x7, 0xa, 0xf9, 0xb2,
    0x34, 0xc0, 0x80, 0x66, 0x52, 0x8f, 0xa9, 0x64,
    0x80, 0xd, 0x32, 0x6, 0xd4, 0x60, 0x82, 0x0,
    0x94, 0x8c, 0x0, 0x94, 0x0, 0x3b, 0x30, 0x2,
    0xe8, 0x7, 0xab, 0xfc, 0x9f, 0x50, 0x20, 0x1e,
    0xbd, 0xd7, 0xa8,

    /* U+7F6E "置" */
    0x6, 0xfd, 0xd7, 0x73, 0x75, 0xdc, 0xdd, 0x7b,
    0x0, 0x4b, 0xba, 0x97, 0xdd, 0x3c, 0xee, 0x94,
    0x3, 0x2e, 0xea, 0x93, 0x74, 0x95, 0xba, 0x50,
    0x9, 0xbf, 0x77, 0x3d, 0x6e, 0xef, 0x60, 0x5e,
    0xef, 0x2c, 0xf7, 0x79, 0x55, 0xdd, 0xe5, 0x9e,
    0xef, 0x28, 0x1, 0xff, 0xf2, 0xc7, 0xfe, 0x90,
    0xe, 0x5f, 0xff, 0xce, 0x1, 0xe4, 0xdd, 0xfc,
    0xc0, 0x1e, 0x4d, 0xdf, 0xcc, 0x1, 0xe4, 0xdd,
    0xfc, 0xc0, 0x1e, 0x4d, 0xdf, 0xcc, 0x1, 0x5f,
    0x42, 0xf7, 0x7e, 0x76, 0xea,

    /* U+8001 "老" */
    0x0, 0xf6, 0xb0, 0x7, 0xff, 0x3b, 0x3f, 0xe2,
    0x9f, 0xf9, 0x47, 0x10, 0x2, 0xdd, 0xc5, 0x1b,
    0xb0, 0xfb, 0xa8, 0x4, 0x24, 0x50, 0x9, 0x12,
    0xed, 0x16, 0x20, 0xff, 0xfc, 0x53, 0xfe, 0x60,
    0x9f, 0xf4, 0x3e, 0xef, 0x61, 0x83, 0x6e, 0xf4,
    0x81, 0x16, 0x4d, 0x1b, 0x92, 0x2e, 0x10, 0x9,
    0x76, 0x21, 0xa8, 0x3, 0x12, 0x1, 0xb, 0xf4,
    0x1b, 0x30, 0x6, 0x39, 0x30, 0x2, 0x6c, 0xad,
    0x50, 0x4b, 0xe3, 0xbc, 0x5a, 0x20, 0x7b, 0x40,
    0x3, 0xce, 0x75, 0xa0, 0x12, 0x88, 0x7, 0x97,
    0x5c, 0x40, 0x25, 0x3, 0x0, 0xee, 0x5f, 0xff,
    0x44, 0x0, 0x3c, 0xbd, 0xbb, 0xef, 0x70, 0x0,

    /* U+8054 "联" */
    0x0, 0xf8, 0xec, 0x2, 0x3c, 0x0, 0x57, 0xff,
    0x85, 0xe4, 0x1, 0x2e, 0x0, 0xa5, 0x6e, 0xb0,
    0xe2, 0xe2, 0x2, 0x58, 0x0, 0x8c, 0x44, 0xe0,
    0x20, 0x56, 0x16, 0x86, 0x1, 0x9f, 0xf0, 0x7,
    0xff, 0x32, 0x7f, 0x80, 0x27, 0xec, 0x1, 0xdd,
    0x8a, 0x37, 0x60, 0xc, 0x20, 0x11, 0x14, 0x4,
    0x58, 0x3, 0xe8, 0xff, 0x8a, 0xbf, 0xe9, 0x0,
    0x3f, 0xe0, 0x4e, 0xeb, 0x1, 0x37, 0x68, 0x0,
    0x3f, 0x60, 0x9, 0x11, 0xc9, 0x48, 0xa1, 0x0,
    0x84, 0x3, 0xba, 0x91, 0xc0, 0x23, 0x24, 0x98,
    0xe, 0x62, 0x56, 0x88, 0x10, 0x2, 0x99, 0xc0,
    0x83, 0x5f, 0xe0, 0x49, 0xfc, 0x42, 0x76, 0xe6,
    0x80, 0xb5, 0xdc, 0x0, 0x86, 0xc2, 0x0, 0xf3,
    0xb5, 0x0, 0x6b, 0x67,

    /* U+82E5 "若" */
    0x0, 0xcd, 0xa0, 0x19, 0xf4, 0x3, 0xff, 0x90,
    0xff, 0xf4, 0x97, 0xfe, 0x82, 0xff, 0xa9, 0xf7,
    0x68, 0x2d, 0xdc, 0xe5, 0xbb, 0x58, 0x11, 0x42,
    0x5, 0xc2, 0x5e, 0x4, 0x50, 0x80, 0x66, 0xd6,
    0x33, 0x3, 0xe8, 0x6, 0x7f, 0xfe, 0x90, 0xff,
    0xf9, 0xdd, 0xbb, 0x60, 0xae, 0xef, 0xe7, 0x2,
    0x21, 0xfb, 0xd1, 0x17, 0xe0, 0x8, 0xf0, 0xdb,
    0xff, 0xeb, 0x0, 0xa3, 0x59, 0x3b, 0xbe, 0x60,
    0x9, 0x8f, 0xcc, 0x4, 0x7f, 0x0, 0x4d, 0x62,
    0x1, 0xff, 0xd5, 0x4f, 0xff, 0x9c, 0x3, 0xe4,
    0xee, 0xf9, 0x80, 0x20,

    /* U+8BA4 "认" */
    0x1, 0xc1, 0x0, 0xe8, 0xb0, 0xf, 0x8, 0x68,
    0x7, 0xff, 0xb, 0x4a, 0x80, 0x3f, 0xf8, 0x23,
    0x40, 0x1c, 0x20, 0x1f, 0xc9, 0x40, 0x1f, 0xf6,
    0x7f, 0xa0, 0x3, 0x8d, 0x40, 0x3b, 0x74, 0x80,
    0x1e, 0x61, 0x10, 0x6, 0x12, 0x0, 0xf8, 0xc9,
    0x0, 0x3f, 0xf8, 0x8, 0x37, 0xe0, 0x1f, 0xc8,
    0xa1, 0xc8, 0xea, 0x20, 0x1f, 0x2d, 0x89, 0x2c,
    0xa, 0xc8, 0x7, 0x96, 0xad, 0x25, 0x48, 0x21,
    0xc8, 0x3, 0x29, 0xe2, 0x43, 0x50, 0x0, 0x9f,
    0xc4, 0x2, 0x4c, 0x38, 0x6f, 0x0, 0xd0, 0x38,
    0x60, 0xa, 0x22, 0x26, 0x10, 0x7, 0x63, 0x30,

    /* U+8BBE "设" */
    0x2, 0xc2, 0x0, 0xbf, 0xfc, 0xa0, 0x11, 0x3e,
    0x18, 0x5, 0x5b, 0xb0, 0x80, 0x75, 0xab, 0x82,
    0x82, 0x11, 0x46, 0x1, 0xeb, 0x46, 0xa7, 0x10,
    0xd, 0x84, 0x35, 0xfe, 0x80, 0xa8, 0x80, 0x6,
    0xa6, 0xda, 0xbd, 0x40, 0x6, 0x38, 0x7, 0x3f,
    0xfa, 0xc4, 0x84, 0x0, 0xdf, 0xff, 0x84, 0x3,
    0xcd, 0x25, 0xdd, 0x98, 0x84, 0x3, 0xe6, 0x7,
    0x11, 0x13, 0x48, 0x7, 0xf4, 0xc9, 0x4f, 0x5d,
    0x0, 0x3c, 0xd0, 0x9, 0x54, 0xc7, 0x80, 0xe,
    0x47, 0x8e, 0x5, 0x90, 0x15, 0x40, 0xe, 0x57,
    0xbf, 0xea, 0x4e, 0xf5, 0xbe, 0x94, 0x0, 0x5c,
    0x79, 0x47, 0xc0, 0x8a, 0x7a, 0x50, 0x0,

    /* U+8BD5 "试" */
    0xb, 0x30, 0xf, 0xa2, 0xda, 0xcc, 0x0, 0x78,
    0x40, 0x1f, 0xb, 0x15, 0x0, 0x21, 0x30, 0x3,
    0xfa, 0x64, 0x1, 0x54, 0x1f, 0xff, 0x3a, 0xff,
    0xd0, 0x0, 0x16, 0x3d, 0xde, 0x73, 0xdd, 0xa7,
    0x3f, 0xc6, 0x4, 0x5d, 0xc0, 0x45, 0xe, 0xf0,
    0x7, 0xe3, 0x10, 0xc, 0x22, 0x0, 0x27, 0xff,
    0x19, 0x80, 0x3f, 0x27, 0x68, 0x67, 0x28, 0x80,
    0x7f, 0x9, 0x0, 0x88, 0xc0, 0x80, 0x3e, 0x52,
    0x0, 0xe2, 0x70, 0xf, 0x25, 0x0, 0x79, 0xf0,
    0x1a, 0x0, 0x28, 0x77, 0x82, 0x76, 0x7d, 0x83,
    0x84, 0x10, 0x1f, 0x6e, 0xcb, 0x91, 0x6a, 0x54,
    0x9c, 0xc, 0xb0, 0xbd, 0x94, 0xea, 0x41, 0xee,
    0x4c,

    /* U+8BF7 "请" */
    0x7, 0x90, 0xf, 0x4d, 0x80, 0x79, 0x1a, 0x8b,
    0xff, 0x32, 0x7f, 0xe7, 0x3, 0xb1, 0x3f, 0xfc,
    0xc9, 0xff, 0x9c, 0x0, 0x96, 0x33, 0xff, 0x32,
    0x7f, 0xe0, 0xf, 0x4f, 0xfc, 0xc9, 0xff, 0x82,
    0xff, 0xcd, 0x3f, 0xf9, 0x93, 0xff, 0x65, 0x69,
    0x4, 0xff, 0xff, 0xb0, 0x48, 0x40, 0x9, 0xff,
    0xf9, 0xc0, 0x3f, 0x7f, 0xf8, 0xc0, 0x3f, 0xbf,
    0xfc, 0x60, 0x1e, 0x72, 0x0, 0xff, 0xe0, 0xc4,
    0x98, 0x7f, 0xf8, 0xc0, 0x31, 0x1e, 0x8, 0x6,
    0x21, 0x23, 0x10, 0x0, 0xae, 0x10, 0x7, 0x77,
    0x34, 0x9c, 0x0, 0x36, 0x20, 0x9e, 0x1, 0x67,
    0xfb, 0x44, 0x0,

    /* U+8C26 "谦" */
    0xb, 0x30, 0xd, 0x84, 0x0, 0x6b, 0x0, 0xc7,
    0xc0, 0x19, 0x2c, 0x6, 0x38, 0x3, 0x41, 0xc1,
    0xf7, 0x19, 0x9d, 0xc1, 0xbe, 0xe2, 0x0, 0x2c,
    0x4f, 0xb9, 0x49, 0xd4, 0x9d, 0xd2, 0x0, 0x16,
    0x42, 0xfa, 0x93, 0xa9, 0x3b, 0xe8, 0x33, 0xfc,
    0x0, 0xbe, 0xa4, 0xea, 0x4e, 0xa0, 0x6, 0x60,
    0x1, 0x5f, 0xeb, 0x4f, 0xa4, 0xfa, 0x5b, 0x1,
    0x0, 0x57, 0xfa, 0xd3, 0xe9, 0x3e, 0x96, 0xc0,
    0x3b, 0x3a, 0xd3, 0xa9, 0x3a, 0x80, 0x3e, 0xcc,
    0xa, 0x75, 0x13, 0xd0, 0x7, 0x7d, 0x8f, 0x40,
    0x4, 0xc2, 0x74, 0x0, 0x40, 0x32, 0xc8, 0x20,
    0xd, 0x1b, 0x0, 0x6, 0xec, 0x2e, 0x40, 0xf,
    0x59, 0x28, 0x0, 0x42, 0xcc, 0x3, 0xf5, 0x28,

    /* U+8D25 "败" */
    0x0, 0xfe, 0xa5, 0x0, 0xf7, 0xff, 0x80, 0x55,
    0x80, 0x3e, 0xcd, 0xd6, 0x0, 0x10, 0x4c, 0x3,
    0xe1, 0xbb, 0x8, 0x3, 0x87, 0xff, 0xa0, 0x3,
    0xe3, 0x45, 0xdd, 0x50, 0x6c, 0x80, 0x7d, 0x24,
    0x24, 0x40, 0x12, 0x10, 0xc, 0x20, 0x3, 0x95,
    0x0, 0x11, 0x0, 0x3f, 0xa5, 0x4, 0x41, 0xa8,
    0x1, 0xc7, 0xe0, 0x18, 0xd0, 0x13, 0x40, 0x38,
    0x48, 0x3, 0x5f, 0x28, 0x28, 0x5, 0xe4, 0xb6,
    0xde, 0x0, 0x64, 0xb9, 0x0, 0xe4, 0x3b, 0xb1,
    0x80, 0x4, 0xc5, 0x40, 0x3a, 0x61, 0x55, 0xa2,
    0x2b, 0x14, 0xc3, 0x0, 0xe, 0x3a, 0x85, 0xa3,
    0xf8, 0xed, 0xbe, 0x49, 0x3b, 0x50, 0x0, 0x7e,
    0xaa, 0x0, 0x4e, 0x2a, 0x0,

    /* U+8DB3 "足" */
    0x0, 0x67, 0xff, 0xfb, 0x40, 0x39, 0xb7, 0x7f,
    0x38, 0x7, 0x84, 0x8b, 0xf7, 0x0, 0x7f, 0xf2,
    0x9f, 0xff, 0xf4, 0x80, 0x79, 0xb7, 0x68, 0x1d,
    0xd9, 0xc0, 0x3b, 0x24, 0x8a, 0x10, 0x22, 0xa3,
    0x40, 0x3b, 0x90, 0x3, 0xff, 0x82, 0x42, 0xa0,
    0x10, 0xff, 0xf6, 0x0, 0x4a, 0x22, 0x0, 0x87,
    0x77, 0xc0, 0x15, 0xc, 0x0, 0x62, 0x2e, 0x10,
    0x4, 0x1d, 0x3e, 0x28, 0x80, 0x7e, 0x67, 0xb5,
    0xd6, 0xb8, 0x1f, 0xff, 0x4f, 0x4a, 0x81, 0x57,
    0x73, 0x33, 0xe8,

    /* U+8EAB "身" */
    0x0, 0xf3, 0x58, 0x7, 0xff, 0xb, 0x48, 0x3,
    0xfc, 0xff, 0xf2, 0x37, 0xff, 0x0, 0x78, 0xff,
    0xfe, 0xc0, 0xf, 0xfe, 0x59, 0xff, 0xfd, 0x80,
    0x1f, 0x1f, 0xff, 0xd8, 0x1, 0xf1, 0xff, 0xfd,
    0x80, 0x5, 0x70, 0x8, 0xff, 0xfe, 0xc0, 0x3b,
    0x30, 0xf, 0xfe, 0xf, 0x5a, 0x57, 0xc1, 0xff,
    0xfd, 0x81, 0x4a, 0x15, 0xff, 0xf7, 0x30, 0x20,
    0x38, 0x7, 0xe1, 0x8f, 0x2d, 0x80, 0xf, 0xc9,
    0x5c, 0x59, 0x64, 0x1, 0xe4, 0x9e, 0x9d, 0xea,
    0x64, 0x39, 0x0, 0xcb, 0x23, 0xba, 0x71, 0xe,
    0xbc, 0x49, 0x0, 0x97, 0x60, 0xc0, 0x35, 0x7f,
    0xb9, 0x80, 0x20,

    /* U+8FDB "进" */
    0x9, 0x50, 0xd, 0xca, 0x0, 0x9b, 0x0, 0xdf,
    0x42, 0x1, 0xff, 0xc1, 0x63, 0xa0, 0xf, 0xfe,
    0x17, 0x80, 0x3b, 0xc6, 0xbf, 0xcc, 0x9f, 0xe0,
    0x8, 0xec, 0x3f, 0x46, 0x77, 0x4c, 0x9b, 0xa0,
    0xf, 0x9, 0x1, 0x91, 0x0, 0x4, 0x40, 0xaf,
    0xf3, 0x0, 0x7f, 0xf0, 0x2f, 0x48, 0x27, 0xfc,
    0x35, 0xfe, 0x64, 0xff, 0x48, 0x90, 0x2, 0x36,
    0xc3, 0x37, 0x4c, 0x9b, 0xa8, 0x0, 0xc2, 0x46,
    0x26, 0x44, 0x0, 0x11, 0x4, 0x3, 0xd2, 0xc0,
    0x1f, 0xfc, 0x1b, 0x9, 0x0, 0xfe, 0x62, 0xc1,
    0x7c, 0x10, 0xf, 0xd1, 0xc, 0x6a, 0x91, 0x22,
    0x8, 0xae, 0x4c, 0xc5, 0xd4, 0x78, 0x73, 0xbb,
    0x77, 0x37, 0x59, 0x85,

    /* U+8FDE "连" */
    0x7, 0x70, 0x7, 0x6a, 0x0, 0x7c, 0x50, 0x40,
    0x12, 0x92, 0x80, 0x7c, 0xa7, 0x27, 0xfe, 0xa0,
    0xef, 0xfe, 0x30, 0x7, 0x81, 0x75, 0x86, 0x77,
    0x78, 0xc0, 0x7, 0x62, 0x28, 0x63, 0x37, 0x18,
    0x8c, 0x15, 0xfe, 0x60, 0x63, 0x80, 0xf, 0xd7,
    0xa4, 0x0, 0xc0, 0xef, 0xd0, 0xdf, 0xf8, 0x84,
    0x80, 0x2b, 0xee, 0xb0, 0x33, 0xba, 0x20, 0xe,
    0x11, 0xe0, 0x11, 0xc0, 0x1c, 0xdf, 0xfb, 0x43,
    0x7f, 0xe9, 0x0, 0xcd, 0xdd, 0xb0, 0x33, 0xba,
    0x90, 0x52, 0xf0, 0x11, 0xe0, 0x11, 0xc0, 0xf5,
    0x6b, 0x6a, 0x64, 0x46, 0x6, 0x33, 0xc5, 0x49,
    0x98, 0x9d, 0xda, 0xc2, 0xf3, 0x24,

    /* U+90ED "郭" */
    0x0, 0x8f, 0x0, 0x30, 0xff, 0xf3, 0x0, 0x46,
    0x2e, 0x1, 0xdb, 0xda, 0xb, 0x3f, 0xf1, 0x47,
    0xfd, 0x20, 0x62, 0xa6, 0x69, 0xff, 0xfd, 0x20,
    0x14, 0xc8, 0x0, 0xff, 0xfe, 0x50, 0x9, 0x41,
    0x40, 0x25, 0xff, 0xc4, 0x1, 0xbc, 0x80, 0x32,
    0xff, 0xe2, 0x0, 0xd6, 0x32, 0x0, 0x7f, 0xff,
    0x28, 0x4, 0x3e, 0xc6, 0x1d, 0xff, 0xe5, 0x0,
    0xc4, 0x96, 0x1d, 0xfe, 0xe8, 0x6b, 0x50, 0xe,
    0x21, 0x0, 0x9, 0x5e, 0x60, 0xa1, 0x0, 0x21,
    0x4e, 0xaf, 0xec, 0x45, 0xec, 0x11, 0x5, 0xff,
    0x3, 0x57, 0xfb, 0x91, 0xee, 0xa5, 0x42, 0x33,
    0x74, 0x20, 0xf, 0xf2, 0xe0, 0x7, 0x19, 0x88,
    0x3, 0x77, 0x3d, 0x40, 0x21, 0xf1, 0x0, 0xc0,

    /* U+91CD "重" */
    0x0, 0xe1, 0x18, 0x8c, 0xc8, 0xac, 0x20, 0x8,
    0xff, 0xbb, 0xad, 0xef, 0x8e, 0xc2, 0x0, 0x47,
    0xff, 0x33, 0x37, 0x31, 0x74, 0x61, 0x3f, 0xfe,
    0x66, 0x7f, 0xfa, 0xa7, 0xff, 0xcc, 0xcf, 0xff,
    0x50, 0x3, 0xbb, 0x99, 0x9d, 0xdc, 0x1, 0xdb,
    0xdd, 0x33, 0x3b, 0xac, 0x0, 0xf7, 0x6e, 0xce,
    0xed, 0xdb, 0xc0, 0x3d, 0xdb, 0xb3, 0xbb, 0x76,
    0xf0, 0xf, 0x6f, 0x74, 0xcc, 0xee, 0xb0, 0x3,
    0xbb, 0xb9, 0x99, 0xdd, 0xc0, 0x13, 0xf7, 0x73,
    0x33, 0xbb, 0x9c, 0x0, 0xfd, 0xdc, 0xcc, 0xee,
    0xe7, 0xb, 0xff, 0xf3, 0x33, 0xff, 0xd4,

    /* U+91D1 "金" */
    0x0, 0xfb, 0x7c, 0x40, 0x3f, 0xf8, 0x14, 0x29,
    0x40, 0x1f, 0xf5, 0x36, 0x58, 0xc8, 0x7, 0xe1,
    0xb3, 0xc0, 0x5, 0x5, 0x0, 0x79, 0x37, 0xe4,
    0x3, 0x4f, 0x62, 0x0, 0xa, 0xfd, 0xef, 0xff,
    0xd6, 0xf1, 0x67, 0x47, 0x75, 0xbb, 0x2a, 0xb7,
    0x6a, 0xc2, 0x48, 0x80, 0x9, 0x14, 0x0, 0x22,
    0x84, 0x25, 0xc0, 0xff, 0xf9, 0x55, 0xff, 0xc6,
    0x0, 0x3d, 0xde, 0x55, 0x6e, 0xf1, 0x80, 0x68,
    0x32, 0x20, 0x0, 0x88, 0x70, 0x1, 0xc6, 0xf8,
    0x20, 0x18, 0x70, 0x48, 0x3, 0xe, 0xa, 0x80,
    0x67, 0x75, 0x80, 0x49, 0xfe, 0xe3, 0xbf, 0x55,
    0x7c, 0xaf, 0xfc, 0x88, 0xdd, 0xff, 0xe1, 0x20,

    /* U+95FB "闻" */
    0xb, 0x40, 0xf, 0xfe, 0xe, 0x5a, 0x7, 0xff,
    0xf0, 0x1, 0xdc, 0x61, 0xbb, 0xf5, 0x0, 0x3d,
    0x21, 0xc0, 0x8b, 0xe6, 0x0, 0xcf, 0xff, 0xf9,
    0x40, 0x39, 0xf0, 0xbf, 0xee, 0xf, 0x50, 0xf,
    0x8b, 0xba, 0xf0, 0xf, 0xf1, 0x77, 0x5e, 0x1,
    0xfe, 0x2e, 0xeb, 0xc0, 0x3f, 0xc5, 0xdd, 0x78,
    0x7, 0xf3, 0x1a, 0x34, 0x58, 0x6c, 0x80, 0x76,
    0x51, 0xff, 0xd8, 0x1f, 0x20, 0x1d, 0x9f, 0xb7,
    0x2e, 0xe0, 0x20, 0xf, 0xfe, 0x23, 0x0, 0x7f,
    0x87, 0xeb, 0xe9, 0x83, 0xd0, 0x3, 0xf5, 0xe6,
    0xc8, 0x0,

    /* U+9646 "陆" */
    0x0, 0xfe, 0xd6, 0x0, 0xdf, 0xfa, 0x0, 0x3f,
    0xec, 0xe1, 0xdb, 0xff, 0x8a, 0x7f, 0xe5, 0x1,
    0x21, 0x4a, 0xee, 0x8a, 0x3b, 0xa5, 0x0, 0x5a,
    0x8, 0xf0, 0x8, 0xe0, 0x9, 0x74, 0x3, 0xff,
    0x82, 0x60, 0x9f, 0xf8, 0xa7, 0xfe, 0xc0, 0x5,
    0x4a, 0xf7, 0x62, 0x8e, 0xeb, 0x40, 0x8, 0x4e,
    0x23, 0x80, 0x47, 0x80, 0x24, 0xf6, 0xd0, 0xe,
    0x3f, 0x0, 0x8, 0x28, 0x80, 0x7f, 0xdd, 0xe7,
    0x60, 0x1f, 0xf4, 0xe7, 0x98, 0x7, 0xfc, 0xc6,
    0x1, 0x17, 0xf8, 0xa7, 0xf0, 0x3, 0xe6, 0xee,
    0xf5, 0x80, 0x0,

    /* U+9875 "页" */
    0x7f, 0xff, 0xfe, 0x14, 0x36, 0xef, 0x85, 0xf7,
    0x7d, 0x22, 0x45, 0xc6, 0x34, 0x45, 0xe1, 0x0,
    0x5f, 0xfd, 0xc1, 0xbf, 0xfb, 0x80, 0x39, 0x77,
    0x7f, 0x40, 0x7, 0x8c, 0x8a, 0xa9, 0x22, 0x84,
    0x3, 0xff, 0x9c, 0x22, 0x0, 0xff, 0xe1, 0x11,
    0x80, 0x7f, 0xf0, 0x97, 0xc0, 0x3f, 0xf8, 0x2c,
    0x32, 0xe0, 0x1f, 0xae, 0x40, 0xe6, 0x2e, 0xb9,
    0x99, 0xc0, 0x1e, 0x8c, 0x77, 0x26, 0xc4, 0x30,
    0x80, 0x2, 0xb5, 0xe9, 0x70, 0x1, 0x37, 0xae,
    0xc0, 0x24, 0x1e, 0x61, 0x0, 0x38, 0x67, 0x10,
    0x80,

    /* U+9986 "馆" */
    0x0, 0x70, 0x80, 0x73, 0xc8, 0x7, 0x90, 0x4,
    0x3, 0x99, 0xd0, 0x3, 0xb1, 0x0, 0x2f, 0xfb,
    0x86, 0xff, 0xe7, 0x4, 0x5f, 0xf4, 0x7, 0x7f,
    0xf9, 0x40, 0x8f, 0xb8, 0x59, 0xbd, 0xff, 0xe8,
    0x7b, 0x51, 0x21, 0x40, 0x7, 0xff, 0x0, 0x43,
    0x1c, 0x18, 0x1, 0xff, 0x41, 0x0, 0x7b, 0xff,
    0x80, 0x3f, 0xef, 0xfe, 0x0, 0xff, 0xe2, 0x79,
    0x0, 0x73, 0x90, 0x3, 0xff, 0xd4, 0x1, 0xa6,
    0x0, 0x2f, 0xfe, 0x80, 0xe, 0x4c, 0x20, 0xf,
    0xf8, 0x83, 0x4c, 0x2, 0xff, 0xe8, 0x0, 0x8b,
    0x8c, 0x3, 0x7f, 0xf4, 0x0, 0x0,

    /* U+FF08 "（" */
    0x0, 0x17, 0x98, 0x3, 0xe0, 0xc1, 0x8d, 0xc0,
    0x16, 0xc0, 0x2, 0x25, 0x80, 0x10, 0xc, 0x0,
    0x22, 0x0, 0xbc, 0xc0, 0x2f, 0x30, 0x8, 0x44,
    0x1, 0x20, 0x18, 0x0, 0x88, 0x80, 0x15, 0xc8,
    0x4, 0xc6, 0xe0, 0x17, 0x41, 0x80,

    /* U+FF09 "）" */
    0x3f, 0x30, 0x1, 0xc7, 0x0, 0x4e, 0x6c, 0x1,
    0x4c, 0x0, 0x48, 0x24, 0x0, 0x30, 0x40, 0x8,
    0x84, 0x2, 0x1f, 0x0, 0x87, 0xc0, 0x22, 0x10,
    0x1, 0x82, 0x0, 0x10, 0x88, 0x0, 0x9b, 0x0,
    0x39, 0xb0, 0x1c, 0x78, 0x0
};


/*---------------------
 *  GLYPH DESCRIPTION
 *--------------------*/

static const lv_font_fmt_txt_glyph_dsc_t glyph_dsc[] = {
    {.bitmap_index = 0, .adv_w = 0, .box_w = 0, .box_h = 0, .ofs_x = 0, .ofs_y = 0} /* id = 0 reserved */,
    {.bitmap_index = 0, .adv_w = 76, .box_w = 0, .box_h = 0, .ofs_x = 0, .ofs_y = 0},
    {.bitmap_index = 0, .adv_w = 80, .box_w = 3, .box_h = 12, .ofs_x = 1, .ofs_y = 0},
    {.bitmap_index = 17, .adv_w = 112, .box_w = 5, .box_h = 4, .ofs_x = 1, .ofs_y = 8},
    {.bitmap_index = 28, .adv_w = 163, .box_w = 10, .box_h = 11, .ofs_x = 0, .ofs_y = 1},
    {.bitmap_index = 82, .adv_w = 150, .box_w = 8, .box_h = 15, .ofs_x = 1, .ofs_y = -2},
    {.bitmap_index = 133, .adv_w = 228, .box_w = 14, .box_h = 12, .ofs_x = 0, .ofs_y = 0},
    {.bitmap_index = 207, .adv_w = 223, .box_w = 14, .box_h = 12, .ofs_x = 0, .ofs_y = 0},
    {.bitmap_index = 282, .adv_w = 66, .box_w = 2, .box_h = 4, .ofs_x = 1, .ofs_y = 8},
    {.bitmap_index = 287, .adv_w = 86, .box_w = 5, .box_h = 15, .ofs_x = 1, .ofs_y = -3},
    {.bitmap_index = 324, .adv_w = 86, .box_w = 5, .box_h = 15, .ofs_x = 0, .ofs_y = -3},
    {.bitmap_index = 362, .adv_w = 117, .box_w = 7, .box_h = 6, .ofs_x = 0, .ofs_y = 6},
    {.bitmap_index = 383, .adv_w = 190, .box_w = 9, .box_h = 8, .ofs_x = 1, .ofs_y = 1},
    {.bitmap_index = 404, .adv_w = 62, .box_w = 3, .box_h = 4, .ofs_x = 0, .ofs_y = -2},
    {.bitmap_index = 410, .adv_w = 111, .box_w = 5, .box_h = 2, .ofs_x = 1, .ofs_y = 3},
    {.bitmap_index = 415, .adv_w = 62, .box_w = 3, .box_h = 2, .ofs_x = 0, .ofs_y = 0},
    {.bitmap_index = 418, .adv_w = 109, .box_w = 8, .box_h = 14, .ofs_x = -1, .ofs_y = -2},
    {.bitmap_index = 460, .adv_w = 150, .box_w = 9, .box_h = 12, .ofs_x = 0, .ofs_y = 0},
    {.bitmap_index = 510, .adv_w = 150, .box_w = 5, .box_h = 12, .ofs_x = 1, .ofs_y = 0},
    {.bitmap_index = 524, .adv_w = 150, .box_w = 9, .box_h = 12, .ofs_x = 0, .ofs_y = 0},
    {.bitmap_index = 571, .adv_w = 150, .box_w = 8, .box_h = 12, .ofs_x = 1, .ofs_y = 0},
    {.bitmap_index = 615, .adv_w = 150, .box_w = 10, .box_h = 12, .ofs_x = 0, .ofs_y = 0},
    {.bitmap_index = 658, .adv_w = 150, .box_w = 8, .box_h = 12, .ofs_x = 1, .ofs_y = 0},
    {.bitmap_index = 702, .adv_w = 150, .box_w = 9, .box_h = 12, .ofs_x = 0, .ofs_y = 0},
    {.bitmap_index = 753, .adv_w = 150, .box_w = 9, .box_h = 12, .ofs_x = 0, .ofs_y = 0},
    {.bitmap_index = 792, .adv_w = 150, .box_w = 9, .box_h = 12, .ofs_x = 0, .ofs_y = 0},
    {.bitmap_index = 846, .adv_w = 150, .box_w = 9, .box_h = 12, .ofs_x = 0, .ofs_y = 0},
    {.bitmap_index = 898, .adv_w = 62, .box_w = 3, .box_h = 9, .ofs_x = 0, .ofs_y = 0},
    {.bitmap_index = 908, .adv_w = 62, .box_w = 3, .box_h = 11, .ofs_x = 0, .ofs_y = -2},
    {.bitmap_index = 921, .adv_w = 190, .box_w = 8, .box_h = 7, .ofs_x = 2, .ofs_y = 1},
    {.bitmap_index = 948, .adv_w = 190, .box_w = 9, .box_h = 5, .ofs_x = 1, .ofs_y = 2},
    {.bitmap_index = 961, .adv_w = 190, .box_w = 8, .box_h = 7, .ofs_x = 2, .ofs_y = 1},
    {.bitmap_index = 988, .adv_w = 124, .box_w = 6, .box_h = 12, .ofs_x = 1, .ofs_y = 0},
    {.bitmap_index = 1023, .adv_w = 264, .box_w = 15, .box_h = 15, .ofs_x = 1, .ofs_y = -3},
    {.bitmap_index = 1129, .adv_w = 180, .box_w = 12, .box_h = 12, .ofs_x = 0, .ofs_y = 0},
    {.bitmap_index = 1186, .adv_w = 161, .box_w = 9, .box_h = 12, .ofs_x = 1, .ofs_y = 0},
    {.bitmap_index = 1232, .adv_w = 171, .box_w = 10, .box_h = 12, .ofs_x = 0, .ofs_y = 0},
    {.bitmap_index = 1282, .adv_w = 195, .box_w = 11, .box_h = 12, .ofs_x = 1, .ofs_y = 0},
    {.bitmap_index = 1331, .adv_w = 141, .box_w = 8, .box_h = 12, .ofs_x = 1, .ofs_y = 0},
    {.bitmap_index = 1362, .adv_w = 136, .box_w = 7, .box_h = 12, .ofs_x = 1, .ofs_y = 0},
    {.bitmap_index = 1387, .adv_w = 190, .box_w = 11, .box_h = 12, .ofs_x = 0, .ofs_y = 0},
    {.bitmap_index = 1445, .adv_w = 198, .box_w = 10, .box_h = 12, .ofs_x = 1, .ofs_y = 0},
    {.bitmap_index = 1466, .adv_w = 75, .box_w = 3, .box_h = 12, .ofs_x = 1, .ofs_y = 0},
    {.bitmap_index = 1471, .adv_w = 101, .box_w = 5, .box_h = 12, .ofs_x = 0, .ofs_y = 0},
    {.bitmap_index = 1487, .adv_w = 163, .box_w = 10, .box_h = 12, .ofs_x = 1, .ofs_y = 0},
    {.bitmap_index = 1531, .adv_w = 131, .box_w = 7, .box_h = 12, .ofs_x = 1, .ofs_y = 0},
    {.bitmap_index = 1542, .adv_w = 250, .box_w = 14, .box_h = 12, .ofs_x = 1, .ofs_y = 0},
    {.bitmap_index = 1604, .adv_w = 208, .box_w = 11, .box_h = 12, .ofs_x = 1, .ofs_y = 0},
    {.bitmap_index = 1648, .adv_w = 209, .box_w = 13, .box_h = 12, .ofs_x = 0, .ofs_y = 0},
    {.bitmap_index = 1714, .adv_w = 157, .box_w = 9, .box_h = 12, .ofs_x = 1, .ofs_y = 0},
    {.bitmap_index = 1751, .adv_w = 209, .box_w = 14, .box_h = 14, .ofs_x = 0, .ofs_y = -2},
    {.bitmap_index = 1830, .adv_w = 167, .box_w = 10, .box_h = 12, .ofs_x = 1, .ofs_y = 0},
    {.bitmap_index = 1875, .adv_w = 148, .box_w = 8, .box_h = 12, .ofs_x = 1, .ofs_y = 0},
    {.bitmap_index = 1918, .adv_w = 147, .box_w = 9, .box_h = 12, .ofs_x = 0, .ofs_y = 0},
    {.bitmap_index = 1936, .adv_w = 191, .box_w = 10, .box_h = 12, .ofs_x = 1, .ofs_y = 0},
    {.bitmap_index = 1966, .adv_w = 173, .box_w = 11, .box_h = 12, .ofs_x = 0, .ofs_y = 0},
    {.bitmap_index = 2022, .adv_w = 261, .box_w = 17, .box_h = 12, .ofs_x = 0, .ofs_y = 0},
    {.bitmap_index = 2116, .adv_w = 165, .box_w = 11, .box_h = 12, .ofs_x = 0, .ofs_y = 0},
    {.bitmap_index = 2175, .adv_w = 155, .box_w = 10, .box_h = 12, .ofs_x = 0, .ofs_y = 0},
    {.bitmap_index = 2217, .adv_w = 159, .box_w = 10, .box_h = 12, .ofs_x = 0, .ofs_y = 0},
    {.bitmap_index = 2260, .adv_w = 86, .box_w = 4, .box_h = 15, .ofs_x = 1, .ofs_y = -3},
    {.bitmap_index = 2273, .adv_w = 107, .box_w = 8, .box_h = 14, .ofs_x = -1, .ofs_y = -2},
    {.bitmap_index = 2313, .adv_w = 86, .box_w = 4, .box_h = 15, .ofs_x = 0, .ofs_y = -3},
    {.bitmap_index = 2326, .adv_w = 190, .box_w = 9, .box_h = 7, .ofs_x = 1, .ofs_y = 5},
    {.bitmap_index = 2354, .adv_w = 115, .box_w = 8, .box_h = 2, .ofs_x = 0, .ofs_y = -4},
    {.bitmap_index = 2359, .adv_w = 76, .box_w = 5, .box_h = 3, .ofs_x = 0, .ofs_y = 10},
    {.bitmap_index = 2367, .adv_w = 142, .box_w = 8, .box_h = 9, .ofs_x = 0, .ofs_y = 0},
    {.bitmap_index = 2404, .adv_w = 164, .box_w = 9, .box_h = 13, .ofs_x = 1, .ofs_y = 0},
    {.bitmap_index = 2445, .adv_w = 128, .box_w = 8, .box_h = 9, .ofs_x = 0, .ofs_y = 0},
    {.bitmap_index = 2477, .adv_w = 164, .box_w = 9, .box_h = 13, .ofs_x = 0, .ofs_y = 0},
    {.bitmap_index = 2522, .adv_w = 145, .box_w = 9, .box_h = 9, .ofs_x = 0, .ofs_y = 0},
    {.bitmap_index = 2561, .adv_w = 89, .box_w = 6, .box_h = 14, .ofs_x = 0, .ofs_y = 0},
    {.bitmap_index = 2586, .adv_w = 164, .box_w = 9, .box_h = 13, .ofs_x = 0, .ofs_y = -4},
    {.bitmap_index = 2643, .adv_w = 158, .box_w = 8, .box_h = 13, .ofs_x = 1, .ofs_y = 0},
    {.bitmap_index = 2669, .adv_w = 68, .box_w = 3, .box_h = 13, .ofs_x = 1, .ofs_y = 0},
    {.bitmap_index = 2679, .adv_w = 68, .box_w = 6, .box_h = 17, .ofs_x = -2, .ofs_y = -4},
    {.bitmap_index = 2703, .adv_w = 139, .box_w = 8, .box_h = 13, .ofs_x = 1, .ofs_y = 0},
    {.bitmap_index = 2737, .adv_w = 68, .box_w = 2, .box_h = 13, .ofs_x = 1, .ofs_y = 0},
    {.bitmap_index = 2742, .adv_w = 240, .box_w = 13, .box_h = 9, .ofs_x = 1, .ofs_y = 0},
    {.bitmap_index = 2778, .adv_w = 158, .box_w = 8, .box_h = 9, .ofs_x = 1, .ofs_y = 0},
    {.bitmap_index = 2801, .adv_w = 163, .box_w = 10, .box_h = 9, .ofs_x = 0, .ofs_y = 0},
    {.bitmap_index = 2844, .adv_w = 164, .box_w = 9, .box_h = 13, .ofs_x = 1, .ofs_y = -4},
    {.bitmap_index = 2890, .adv_w = 164, .box_w = 9, .box_h = 13, .ofs_x = 0, .ofs_y = -4},
    {.bitmap_index = 2937, .adv_w = 98, .box_w = 5, .box_h = 9, .ofs_x = 1, .ofs_y = 0},
    {.bitmap_index = 2952, .adv_w = 119, .box_w = 7, .box_h = 9, .ofs_x = 0, .ofs_y = 0},
    {.bitmap_index = 2984, .adv_w = 95, .box_w = 6, .box_h = 12, .ofs_x = 0, .ofs_y = 0},
    {.bitmap_index = 3009, .adv_w = 158, .box_w = 8, .box_h = 9, .ofs_x = 1, .ofs_y = 0},
    {.bitmap_index = 3031, .adv_w = 134, .box_w = 9, .box_h = 9, .ofs_x = 0, .ofs_y = 0},
    {.bitmap_index = 3069, .adv_w = 202, .box_w = 13, .box_h = 9, .ofs_x = 0, .ofs_y = 0},
    {.bitmap_index = 3128, .adv_w = 130, .box_w = 8, .box_h = 9, .ofs_x = 0, .ofs_y = 0},
    {.bitmap_index = 3164, .adv_w = 136, .box_w = 9, .box_h = 14, .ofs_x = 0, .ofs_y = -5},
    {.bitmap_index = 3219, .adv_w = 126, .box_w = 8, .box_h = 9, .ofs_x = 0, .ofs_y = 0},
    {.bitmap_index = 3250, .adv_w = 86, .box_w = 5, .box_h = 15, .ofs_x = 0, .ofs_y = -3},
    {.bitmap_index = 3283, .adv_w = 69, .box_w = 2, .box_h = 17, .ofs_x = 1, .ofs_y = -4},
    {.bitmap_index = 3288, .adv_w = 86, .box_w = 5, .box_h = 15, .ofs_x = 0, .ofs_y = -3},
    {.bitmap_index = 3319, .adv_w = 190, .box_w = 10, .box_h = 3, .ofs_x = 1, .ofs_y = 3},
    {.bitmap_index = 3335, .adv_w = 256, .box_w = 16, .box_h = 2, .ofs_x = 0, .ofs_y = 4},
    {.bitmap_index = 3344, .adv_w = 256, .box_w = 16, .box_h = 14, .ofs_x = 0, .ofs_y = -2},
    {.bitmap_index = 3374, .adv_w = 256, .box_w = 16, .box_h = 14, .ofs_x = 0, .ofs_y = -2},
    {.bitmap_index = 3435, .adv_w = 256, .box_w = 14, .box_h = 14, .ofs_x = 1, .ofs_y = -2},
    {.bitmap_index = 3481, .adv_w = 256, .box_w = 16, .box_h = 15, .ofs_x = 0, .ofs_y = -2},
    {.bitmap_index = 3561, .adv_w = 256, .box_w = 16, .box_h = 12, .ofs_x = 0, .ofs_y = -1},
    {.bitmap_index = 3591, .adv_w = 256, .box_w = 16, .box_h = 14, .ofs_x = 0, .ofs_y = -2},
    {.bitmap_index = 3642, .adv_w = 256, .box_w = 16, .box_h = 14, .ofs_x = 0, .ofs_y = -2},
    {.bitmap_index = 3729, .adv_w = 256, .box_w = 16, .box_h = 15, .ofs_x = 0, .ofs_y = -2},
    {.bitmap_index = 3815, .adv_w = 256, .box_w = 16, .box_h = 16, .ofs_x = 0, .ofs_y = -3},
    {.bitmap_index = 3923, .adv_w = 256, .box_w = 16, .box_h = 14, .ofs_x = 0, .ofs_y = -2},
    {.bitmap_index = 4018, .adv_w = 256, .box_w = 16, .box_h = 14, .ofs_x = 0, .ofs_y = -2},
    {.bitmap_index = 4096, .adv_w = 256, .box_w = 14, .box_h = 15, .ofs_x = 1, .ofs_y = -2},
    {.bitmap_index = 4165, .adv_w = 256, .box_w = 16, .box_h = 15, .ofs_x = 0, .ofs_y = -3},
    {.bitmap_index = 4244, .adv_w = 256, .box_w = 14, .box_h = 15, .ofs_x = 1, .ofs_y = -2},
    {.bitmap_index = 4290, .adv_w = 256, .box_w = 16, .box_h = 15, .ofs_x = 0, .ofs_y = -2},
    {.bitmap_index = 4385, .adv_w = 256, .box_w = 15, .box_h = 15, .ofs_x = 0, .ofs_y = -3},
    {.bitmap_index = 4473, .adv_w = 256, .box_w = 16, .box_h = 15, .ofs_x = 0, .ofs_y = -2},
    {.bitmap_index = 4567, .adv_w = 256, .box_w = 15, .box_h = 15, .ofs_x = 0, .ofs_y = -2},
    {.bitmap_index = 4654, .adv_w = 256, .box_w = 16, .box_h = 14, .ofs_x = 0, .ofs_y = -2},
    {.bitmap_index = 4706, .adv_w = 256, .box_w = 14, .box_h = 14, .ofs_x = 1, .ofs_y = -2},
    {.bitmap_index = 4765, .adv_w = 256, .box_w = 16, .box_h = 15, .ofs_x = 0, .ofs_y = -2},
    {.bitmap_index = 4847, .adv_w = 256, .box_w = 16, .box_h = 15, .ofs_x = 0, .ofs_y = -2},
    {.bitmap_index = 4924, .adv_w = 256, .box_w = 16, .box_h = 15, .ofs_x = 0, .ofs_y = -2},
    {.bitmap_index = 5018, .adv_w = 256, .box_w = 16, .box_h = 15, .ofs_x = 0, .ofs_y = -2},
    {.bitmap_index = 5108, .adv_w = 256, .box_w = 16, .box_h = 15, .ofs_x = 0, .ofs_y = -2},
    {.bitmap_index = 5197, .adv_w = 256, .box_w = 16, .box_h = 15, .ofs_x = 0, .ofs_y = -2},
    {.bitmap_index = 5283, .adv_w = 256, .box_w = 16, .box_h = 15, .ofs_x = 0, .ofs_y = -2},
    {.bitmap_index = 5369, .adv_w = 256, .box_w = 16, .box_h = 15, .ofs_x = 0, .ofs_y = -2},
    {.bitmap_index = 5471, .adv_w = 256, .box_w = 15, .box_h = 14, .ofs_x = 1, .ofs_y = -2},
    {.bitmap_index = 5531, .adv_w = 256, .box_w = 16, .box_h = 15, .ofs_x = 0, .ofs_y = -2},
    {.bitmap_index = 5612, .adv_w = 256, .box_w = 15, .box_h = 15, .ofs_x = 1, .ofs_y = -2},
    {.bitmap_index = 5688, .adv_w = 256, .box_w = 16, .box_h = 13, .ofs_x = 0, .ofs_y = -1},
    {.bitmap_index = 5762, .adv_w = 256, .box_w = 16, .box_h = 16, .ofs_x = 0, .ofs_y = -3},
    {.bitmap_index = 5878, .adv_w = 256, .box_w = 16, .box_h = 15, .ofs_x = 0, .ofs_y = -2},
    {.bitmap_index = 5954, .adv_w = 256, .box_w = 16, .box_h = 14, .ofs_x = 0, .ofs_y = -1},
    {.bitmap_index = 6048, .adv_w = 256, .box_w = 16, .box_h = 15, .ofs_x = 0, .ofs_y = -2},
    {.bitmap_index = 6153, .adv_w = 256, .box_w = 16, .box_h = 15, .ofs_x = 0, .ofs_y = -2},
    {.bitmap_index = 6265, .adv_w = 256, .box_w = 16, .box_h = 15, .ofs_x = 0, .ofs_y = -1},
    {.bitmap_index = 6366, .adv_w = 256, .box_w = 15, .box_h = 16, .ofs_x = 0, .ofs_y = -3},
    {.bitmap_index = 6440, .adv_w = 256, .box_w = 16, .box_h = 16, .ofs_x = 0, .ofs_y = -3},
    {.bitmap_index = 6549, .adv_w = 256, .box_w = 16, .box_h = 15, .ofs_x = 0, .ofs_y = -2},
    {.bitmap_index = 6651, .adv_w = 256, .box_w = 16, .box_h = 14, .ofs_x = 0, .ofs_y = -2},
    {.bitmap_index = 6735, .adv_w = 256, .box_w = 12, .box_h = 14, .ofs_x = 2, .ofs_y = -2},
    {.bitmap_index = 6769, .adv_w = 256, .box_w = 16, .box_h = 15, .ofs_x = 0, .ofs_y = -2},
    {.bitmap_index = 6856, .adv_w = 256, .box_w = 14, .box_h = 14, .ofs_x = 1, .ofs_y = -2},
    {.bitmap_index = 6934, .adv_w = 256, .box_w = 15, .box_h = 15, .ofs_x = 0, .ofs_y = -2},
    {.bitmap_index = 7016, .adv_w = 256, .box_w = 16, .box_h = 15, .ofs_x = 0, .ofs_y = -2},
    {.bitmap_index = 7107, .adv_w = 256, .box_w = 16, .box_h = 14, .ofs_x = 0, .ofs_y = -1},
    {.bitmap_index = 7185, .adv_w = 256, .box_w = 16, .box_h = 14, .ofs_x = 0, .ofs_y = -1},
    {.bitmap_index = 7268, .adv_w = 256, .box_w = 16, .box_h = 16, .ofs_x = 0, .ofs_y = -2},
    {.bitmap_index = 7373, .adv_w = 256, .box_w = 16, .box_h = 15, .ofs_x = 0, .ofs_y = -2},
    {.bitmap_index = 7465, .adv_w = 256, .box_w = 16, .box_h = 15, .ofs_x = 0, .ofs_y = -2},
    {.bitmap_index = 7576, .adv_w = 256, .box_w = 16, .box_h = 15, .ofs_x = 0, .ofs_y = -2},
    {.bitmap_index = 7678, .adv_w = 256, .box_w = 16, .box_h = 14, .ofs_x = 0, .ofs_y = -1},
    {.bitmap_index = 7776, .adv_w = 256, .box_w = 16, .box_h = 15, .ofs_x = 0, .ofs_y = -2},
    {.bitmap_index = 7847, .adv_w = 256, .box_w = 16, .box_h = 15, .ofs_x = 0, .ofs_y = -2},
    {.bitmap_index = 7932, .adv_w = 256, .box_w = 16, .box_h = 16, .ofs_x = 0, .ofs_y = -3},
    {.bitmap_index = 8034, .adv_w = 256, .box_w = 16, .box_h = 15, .ofs_x = 0, .ofs_y = -2},
    {.bitmap_index = 8129, .adv_w = 256, .box_w = 16, .box_h = 15, .ofs_x = 0, .ofs_y = -2},
    {.bitmap_index = 8235, .adv_w = 256, .box_w = 16, .box_h = 14, .ofs_x = 0, .ofs_y = -1},
    {.bitmap_index = 8341, .adv_w = 256, .box_w = 15, .box_h = 14, .ofs_x = 0, .ofs_y = -1},
    {.bitmap_index = 8441, .adv_w = 256, .box_w = 16, .box_h = 15, .ofs_x = 0, .ofs_y = -2},
    {.bitmap_index = 8539, .adv_w = 256, .box_w = 16, .box_h = 14, .ofs_x = 0, .ofs_y = -2},
    {.bitmap_index = 8588, .adv_w = 256, .box_w = 16, .box_h = 15, .ofs_x = 0, .ofs_y = -2},
    {.bitmap_index = 8696, .adv_w = 256, .box_w = 15, .box_h = 14, .ofs_x = 0, .ofs_y = -2},
    {.bitmap_index = 8772, .adv_w = 256, .box_w = 16, .box_h = 14, .ofs_x = 0, .ofs_y = -2},
    {.bitmap_index = 8839, .adv_w = 256, .box_w = 16, .box_h = 15, .ofs_x = 0, .ofs_y = -2},
    {.bitmap_index = 8937, .adv_w = 256, .box_w = 16, .box_h = 15, .ofs_x = 0, .ofs_y = -2},
    {.bitmap_index = 9036, .adv_w = 256, .box_w = 16, .box_h = 14, .ofs_x = 0, .ofs_y = -2},
    {.bitmap_index = 9130, .adv_w = 256, .box_w = 16, .box_h = 15, .ofs_x = 0, .ofs_y = -2},
    {.bitmap_index = 9235, .adv_w = 256, .box_w = 16, .box_h = 14, .ofs_x = 0, .ofs_y = -2},
    {.bitmap_index = 9314, .adv_w = 256, .box_w = 16, .box_h = 17, .ofs_x = 0, .ofs_y = -3},
    {.bitmap_index = 9416, .adv_w = 256, .box_w = 16, .box_h = 14, .ofs_x = 0, .ofs_y = -2},
    {.bitmap_index = 9507, .adv_w = 256, .box_w = 16, .box_h = 14, .ofs_x = 0, .ofs_y = -1},
    {.bitmap_index = 9609, .adv_w = 256, .box_w = 16, .box_h = 14, .ofs_x = 0, .ofs_y = -1},
    {.bitmap_index = 9719, .adv_w = 256, .box_w = 15, .box_h = 14, .ofs_x = 0, .ofs_y = -1},
    {.bitmap_index = 9814, .adv_w = 256, .box_w = 16, .box_h = 15, .ofs_x = 0, .ofs_y = -2},
    {.bitmap_index = 9913, .adv_w = 256, .box_w = 16, .box_h = 14, .ofs_x = 0, .ofs_y = -1},
    {.bitmap_index = 10012, .adv_w = 256, .box_w = 16, .box_h = 15, .ofs_x = 0, .ofs_y = -2},
    {.bitmap_index = 10123, .adv_w = 256, .box_w = 16, .box_h = 16, .ofs_x = 0, .ofs_y = -3},
    {.bitmap_index = 10246, .adv_w = 256, .box_w = 16, .box_h = 16, .ofs_x = 0, .ofs_y = -3},
    {.bitmap_index = 10350, .adv_w = 256, .box_w = 14, .box_h = 14, .ofs_x = 1, .ofs_y = -2},
    {.bitmap_index = 10433, .adv_w = 256, .box_w = 16, .box_h = 13, .ofs_x = 0, .ofs_y = -1},
    {.bitmap_index = 10510, .adv_w = 256, .box_w = 16, .box_h = 15, .ofs_x = 0, .ofs_y = -2},
    {.bitmap_index = 10606, .adv_w = 256, .box_w = 16, .box_h = 15, .ofs_x = 0, .ofs_y = -2},
    {.bitmap_index = 10714, .adv_w = 256, .box_w = 16, .box_h = 16, .ofs_x = 0, .ofs_y = -2},
    {.bitmap_index = 10798, .adv_w = 256, .box_w = 16, .box_h = 15, .ofs_x = 0, .ofs_y = -2},
    {.bitmap_index = 10886, .adv_w = 256, .box_w = 16, .box_h = 14, .ofs_x = 0, .ofs_y = -2},
    {.bitmap_index = 10981, .adv_w = 256, .box_w = 16, .box_h = 15, .ofs_x = 0, .ofs_y = -2},
    {.bitmap_index = 11078, .adv_w = 256, .box_w = 16, .box_h = 15, .ofs_x = 0, .ofs_y = -2},
    {.bitmap_index = 11169, .adv_w = 256, .box_w = 16, .box_h = 14, .ofs_x = 0, .ofs_y = -1},
    {.bitmap_index = 11273, .adv_w = 256, .box_w = 16, .box_h = 15, .ofs_x = 0, .ofs_y = -2},
    {.bitmap_index = 11374, .adv_w = 256, .box_w = 16, .box_h = 14, .ofs_x = 0, .ofs_y = -2},
    {.bitmap_index = 11449, .adv_w = 256, .box_w = 16, .box_h = 17, .ofs_x = 0, .ofs_y = -3},
    {.bitmap_index = 11540, .adv_w = 256, .box_w = 16, .box_h = 15, .ofs_x = 0, .ofs_y = -2},
    {.bitmap_index = 11640, .adv_w = 256, .box_w = 16, .box_h = 14, .ofs_x = 0, .ofs_y = -1},
    {.bitmap_index = 11734, .adv_w = 256, .box_w = 16, .box_h = 15, .ofs_x = 0, .ofs_y = -2},
    {.bitmap_index = 11838, .adv_w = 256, .box_w = 16, .box_h = 14, .ofs_x = 0, .ofs_y = -1},
    {.bitmap_index = 11925, .adv_w = 256, .box_w = 16, .box_h = 15, .ofs_x = 0, .ofs_y = -2},
    {.bitmap_index = 12021, .adv_w = 256, .box_w = 15, .box_h = 16, .ofs_x = 1, .ofs_y = -3},
    {.bitmap_index = 12103, .adv_w = 256, .box_w = 15, .box_h = 15, .ofs_x = 1, .ofs_y = -2},
    {.bitmap_index = 12186, .adv_w = 256, .box_w = 16, .box_h = 15, .ofs_x = 0, .ofs_y = -2},
    {.bitmap_index = 12267, .adv_w = 256, .box_w = 16, .box_h = 15, .ofs_x = 0, .ofs_y = -2},
    {.bitmap_index = 12353, .adv_w = 256, .box_w = 5, .box_h = 15, .ofs_x = 10, .ofs_y = -3},
    {.bitmap_index = 12391, .adv_w = 256, .box_w = 5, .box_h = 15, .ofs_x = 1, .ofs_y = -3}
};

/*---------------------
 *  CHARACTER MAPPING
 *--------------------*/

static const uint16_t unicode_list_1[] = {
    0x0, 0xa, 0xd, 0x2d, 0x4b, 0x8c, 0x8e, 0xc7,
    0xca, 0xfd, 0x17f, 0x365, 0x385, 0x38d, 0x3fa, 0x406,
    0x41b, 0x430, 0x49f, 0x582, 0x60c, 0x60e, 0x928, 0xb07,
    0xb0d, 0xb31, 0xd58, 0xda5, 0xdb6, 0xff2, 0x1003, 0x1008,
    0x1155, 0x1190, 0x1252, 0x1262, 0x1410, 0x1411, 0x1416, 0x146b,
    0x1509, 0x17b0, 0x17e0, 0x17e5, 0x17f6, 0x182d, 0x187a, 0x18f4,
    0x192a, 0x192c, 0x1a21, 0x1a39, 0x1a81, 0x1aee, 0x1d21, 0x1d64,
    0x1d65, 0x1dcf, 0x1fa6, 0x1fb5, 0x2147, 0x23a0, 0x2448, 0x258b,
    0x25f9, 0x2728, 0x273b, 0x287b, 0x2884, 0x2a01, 0x2a6e, 0x2b3a,
    0x2bbb, 0x2bef, 0x2d7e, 0x30bf, 0x30cd, 0x30d9, 0x30dc, 0x30f4,
    0x3113, 0x3116, 0x3151, 0x316e, 0x3201, 0x3254, 0x34e5, 0x3da4,
    0x3dbe, 0x3dd5, 0x3df7, 0x3e26, 0x3f25, 0x3fb3, 0x40ab, 0x41db,
    0x41de, 0x42ed, 0x43cd, 0x43d1, 0x47fb, 0x4846, 0x4a75, 0x4b86,
    0xb108, 0xb109
};

/*Collect the unicode lists and glyph_id offsets*/
static const lv_font_fmt_txt_cmap_t cmaps[] =
{
    {
        .range_start = 32, .range_length = 95, .glyph_id_start = 1,
        .unicode_list = NULL, .glyph_id_ofs_list = NULL, .list_length = 0, .type = LV_FONT_FMT_TXT_CMAP_FORMAT0_TINY
    },
    {
        .range_start = 19968, .range_length = 45322, .glyph_id_start = 96,
        .unicode_list = unicode_list_1, .glyph_id_ofs_list = NULL, .list_length = 106, .type = LV_FONT_FMT_TXT_CMAP_SPARSE_TINY
    }
};



/*--------------------
 *  ALL CUSTOM DATA
 *--------------------*/

#if LVGL_VERSION_MAJOR == 8
/*Store all the custom data of the font*/
static  lv_font_fmt_txt_glyph_cache_t cache;
#endif

#if LVGL_VERSION_MAJOR >= 8
static const lv_font_fmt_txt_dsc_t font_dsc = {
#else
static lv_font_fmt_txt_dsc_t font_dsc = {
#endif
    .glyph_bitmap = glyph_bitmap,
    .glyph_dsc = glyph_dsc,
    .cmaps = cmaps,
    .kern_dsc = NULL,
    .kern_scale = 0,
    .cmap_num = 2,
    .bpp = 4,
    .kern_classes = 0,
    .bitmap_format = 1,
#if LVGL_VERSION_MAJOR == 8
    .cache = &cache
#endif
};



/*-----------------
 *  PUBLIC FONT
 *----------------*/

/*Initialize a public general font descriptor*/
#if LVGL_VERSION_MAJOR >= 8
const lv_font_t font_sm_cjk_16 = {
#else
lv_font_t font_sm_cjk_16 = {
#endif
    .get_glyph_dsc = lv_font_get_glyph_dsc_fmt_txt,    /*Function pointer to get glyph's data*/
    .get_glyph_bitmap = lv_font_get_bitmap_fmt_txt,    /*Function pointer to get glyph's bitmap*/
    .line_height = 19,          /*The maximum line height required by the font*/
    .base_line = 5,             /*Baseline measured from the bottom of the line*/
#if !(LVGL_VERSION_MAJOR == 6 && LVGL_VERSION_MINOR == 0)
    .subpx = LV_FONT_SUBPX_NONE,
#endif
#if LV_VERSION_CHECK(7, 4, 0) || LVGL_VERSION_MAJOR >= 8
    .underline_position = -1,
    .underline_thickness = 1,
#endif
    .dsc = &font_dsc,          /*The custom font data. Will be accessed by `get_glyph_bitmap/dsc` */
#if LV_VERSION_CHECK(8, 2, 0) || LVGL_VERSION_MAJOR >= 9
    .fallback = NULL,
#endif
    .user_data = NULL,
};



#endif /*#if FONT_SM_CJK_16*/

